id,type,category,source,title,text,ans1,ans2,ans3,Answerstext,Question,Star
10101,穴埋め,一般原則,企業会計原則（真実性の原則）,真実性の原則,企業会計は、企業の[1]及び[2]に関して、[3]を提供するものでなければならない。,財政状態,経営成績,真実な報告,企業会計は、企業の財政状態及び経営成績に関して、真実な報告を提供するものでなければならない。,真実性の原則はどのようなことを要請しているか？,5
10102,穴埋め,一般原則,企業会計原則（正規の簿記の原則）,正規の簿記の原則,企業会計は、すべての取引につき、正規の簿記の原則に従って、[1]な[2]を作成しなければならない。,正確,会計帳簿,,企業会計は、すべての取引につき、正規の簿記の原則に従って、正確な会計帳簿を作成しなければならない。,正規の簿記の原則はどのようなことを要請しているか？,5
10103,穴埋め,一般原則,企業会計原則（資本利益区別の原則）,資本取引・損益取引区別の原則,資本取引と損益取引とを[1]に区別し、特に[2]と[3]とを混同してはならない。,明瞭,資本剰余金,利益剰余金,資本取引と損益取引とを明瞭に区別し、特に資本剰余金と利益剰余金とを混同してはならない。,資本取引・損益取引区別の原則とは何か？,5
10104,穴埋め,一般原則,企業会計原則（明瞭性の原則）,明瞭性の原則,企業会計は、[1]によって、[2]に対し必要な会計事実を[3]し、企業の状況に関する判断を誤らせないようにしなければならない。,財務諸表,利害関係者,明瞭に表示,企業会計は、財務諸表によって、利害関係者に対し必要な会計事実を明瞭に表示し、企業の状況に関する判断を誤らせないようにしなければならない。,明瞭性の原則はどのようなことを要請しているか？,4
10105,穴埋め,一般原則,企業会計原則（継続性の原則）,継続性の原則の必要性,企業が選択した会計処理の原則及び手続を[1]して適用しないときは、同一の会計事実について異なる利益額が算出されることになり、財務諸表の[2]を困難ならしめ、この結果、企業の財務内容に関する[3]の判断を誤らせることになるからである。,毎期継続,期間比較,利害関係者,企業が選択した会計処理の原則及び手続を毎期継続して適用しないときは、同一の会計事実について異なる利益額が算出されることになり、財務諸表の期間比較を困難ならしめ、この結果、企業の財務内容に関する利害関係者の判断を誤らせることになるからである。,継続性の原則の必要性は何か？,5
10106,穴埋め,一般原則,企業会計原則（継続性の原則）,継続性の原則,企業会計は、その処理の原則及び[1]を[2]して[3]し、みだりにこれを変更してはならない。,手続,毎期継続,適用,企業会計は、その処理の原則及び手続を毎期継続して適用し、みだりにこれを変更してはならない。,継続性の原則はどのようなことを要請しているか？,5
10107,穴埋め,一般原則,企業会計原則（保守主義の原則）,保守主義の原則,企業の[1]に不利な影響を及ぼす[2]がある場合には、これに備えて適当に健全な[3]をしなければならない。,財政,可能性,会計処理,企業の財政に不利な影響を及ぼす可能性がある場合には、これに備えて適当に健全な会計処理をしなければならない。,保守主義の原則はどのようなことを要請しているか？,4
10108,穴埋め,一般原則,企業会計原則（単一性の原則）,単一性の原則,[1]のため、信用目的のため、租税目的のため等種々の目的のために異なる形式の[2]を作成する必要がある場合、それらの内容は、信頼しうる[3]に基づいて作成されたものであって、政策の考慮のために事実の真実な表示をゆがめてはならない。,株主総会提出,財務諸表,会計記録,株主総会提出のため、信用目的のため、租税目的のため等種々の目的のために異なる形式の財務諸表を作成する必要がある場合、それらの内容は、信頼しうる会計記録に基づいて作成されたものであって、政策の考慮のために事実の真実な表示をゆがめてはならない。,単一性の原則はどのようなことを要請しているか？,4
10109,穴埋め,一般原則,企業会計原則（重要性の原則）,重要性の原則,[1]が目的とするところは、企業の財務内容を明らかにし、企業の状況に関する[2]の判断を誤らせないようにすることにあるから、重要性の乏しいものについては、本来の厳密な会計処理によらないで他の簡便な方法によることも、[3]の原則に従った処理として認められる。,企業会計,利害関係者,正規の簿記,企業会計が目的とするところは、企業の財務内容を明らかにし、企業の状況に関する利害関係者の判断を誤らせないようにすることにあるから、重要性の乏しいものについては、本来の厳密な会計処理によらないで他の簡便な方法によることも、正規の簿記の原則に従った処理として認められる。,重要性の原則はどのようなことを要請しているか？,4
10110,穴埋め,一般原則,企業会計原則（損益計算書原則）,純粋な発生主義会計,"発生主義会計とは、発生主義の原則に基づいて収益・費用を[1]し、両者の差額として利益を計算する[2]をいう。
ここに発生主義の原則とは[3]の増減に基づいて収益・費用を[1]する原則をいう。",認識,会計体系,経済価値,"発生主義会計とは、発生主義の原則に基づいて収益・費用を認識し、両者の差額として利益を計算する会計体系をいう。
ここに発生主義の原則とは経済価値の増減に基づいて収益・費用を認識する原則をいう。",純粋な発生主義会計とは何か？,5
10111,穴埋め,一般原則,企業会計原則（損益計算書原則）,損益計算書において総額主義の原則が採用される理由,[1]となった取引の[2]を[3]することにより、企業の経営活動の状況を明らかにするものである。,利益源泉,量的規模,明瞭に表示,利益源泉となった取引の量的規模を明瞭に表示することにより、企業の経営活動の状況を明らかにするものである。,損益計算書において総額主義の原則が採用される理由は何か？,4
10112,穴埋め,一般原則,企業会計原則（損益計算書原則）,損益計算書の本質（性格）,損益計算書は、企業の[1]を明らかにするため、[2]に属するすべての収益とこれに対応するすべての費用とを記載して経常利益を表示し、これに特別損益に属する項目を加減して[3]を表示しなければならない。,経営成績,一会計期間,当期純利益,損益計算書は、企業の経営成績を明らかにするため、一会計期間に属するすべての収益とこれに対応するすべての費用とを記載して経常利益を表示し、これに特別損益に属する項目を加減して当期純利益を表示しなければならない。,損益計算書の本質（性格）とは何か？,5
10113,穴埋め,一般原則,企業会計原則（損益計算書原則）,総額主義の原則,費用及び収益は、総額によって[1]することを原則とし、費用の項目と収益の項目とを直接に相殺することによってその[2]は一部を[3]から除去してはならない。,記載,全部又,損益計算書,費用及び収益は、総額によって記載することを原則とし、費用の項目と収益の項目とを直接に相殺することによってその全部又は一部を損益計算書から除去してはならない。,総額主義の原則とは何か？,5
10114,穴埋め,一般原則,企業会計原則（損益計算書原則）,区分表示の原則,費用及び収益は、その[1]に従って明瞭に分類し、[2]とそれに関連する費用項目とを[3]にこれに対応表示しなければならない。,発生源泉,各収益項目,損益計算書,費用及び収益は、その発生源泉に従って明瞭に分類し、各収益項目とそれに関連する費用項目とを損益計算書にこれに対応表示しなければならない。,区分表示の原則とは何か？,5
10115,穴埋め,一般原則,企業会計原則（貸借対照表原則）,原価主義の原則,原価主義の原則とは、[1]をその取得に要した[2]、すなわち[3]に基づいて評価することを指示する資産の評価原則である。,費用性資産,支出額,取得原価,原価主義の原則とは、費用性資産をその取得に要した支出額、すなわち取得原価に基づいて評価することを指示する資産の評価原則である。,原価主義の原則とは何か？,5
10116,穴埋め,一般原則,企業会計原則（貸借対照表原則）,費用配分の原則,費用配分の原則とは、[1]の[2]を[3]に費用として配分していくことを指示する原則をいう。,費用性資産,取得原価,各会計期間,費用配分の原則とは、費用性資産の取得原価を各会計期間に費用として配分していくことを指示する原則をいう。,費用配分の原則とは何か？,5
10117,穴埋め,一般原則,企業会計原則（貸借対照表原則）,費用配分の原則の性格,費用配分の原則は費用の測定原則であるとともに、資産の評価原則でもある。,,,,費用配分の原則は費用の測定原則であるとともに、資産の評価原則でもある。,費用配分の原則の性格とは何か？,5
10118,穴埋め,一般原則,企業会計原則（貸借対照表原則）,貸借対照表の本質（性格）,貸借対照表は、企業の[1]を明らかにするため、貸借対照表日におけるすべての資産、負債及び資本を記載し、株主、[2]その他の[3]にこれを正しく表示するものでなければならない。,財政状態,債権者,利害関係者,貸借対照表は、企業の財政状態を明らかにするため、貸借対照表日におけるすべての資産、負債及び資本を記載し、株主、債権者その他の利害関係者にこれを正しく表示するものでなければならない。,貸借対照表の本質（性格）とは何か？,5
10119,穴埋め,一般原則,企業会計原則（貸借対照表原則）,貸借対照表完全性の原則,貸借対照表完全性の原則は、[1]におけるすべての資産、負債及び資本をもれなく完全に、貸借対照表に[2]すべきことを[3]するものである。,貸借対照表日,記載,要求,貸借対照表完全性の原則は、貸借対照表日におけるすべての資産、負債及び資本をもれなく完全に、貸借対照表に記載すべきことを要求するものである。,貸借対照表完全性の原則とは何か？,5
10201,穴埋め,連結財務諸表,連結財務諸表基準,連結財務諸表を作成する目的,連結財務諸表は、[1]にある2つ以上の企業からなる集団を単一の組織体とみなして、親会社が当該企業集団の[2]、[3]及びキャッシュフローの状況を総合的に報告するために作成するものである。,支配従属関係,財政状態,経営成績,連結財務諸表は、支配従属関係にある2つ以上の企業からなる集団を単一の組織体とみなして、親会社が当該企業集団の財政状態、経営成績及びキャッシュフローの状況を総合的に報告するために作成するものである。,連結財務諸表を作成する目的は何か？,3
10202,穴埋め,連結財務諸表,連結財務諸表基準,支配力基準,支配力基準とは、[1]的な[2]の有無に基づいて[3]の判定を行う基準をいう。,実質,支配関係,子会社,支配力基準とは、実質的な支配関係の有無に基づいて子会社の判定を行う基準をいう。,支配力基準とは何か？,4
10203,穴埋め,連結財務諸表,連結財務諸表基準,連結財務諸表における「基準性」,基準性とは、連結財務諸表は[1]を[2]として作成されなければならないことをいう。,個別財務諸表,基礎,,基準性とは、連結財務諸表は個別財務諸表を基礎として作成されなければならないことをいう。,連結財務諸表における「基準性」とは何か？,4
10204,穴埋め,連結財務諸表,連結財務諸表基準,連結財務諸表における「準拠性」,準拠性とは、基礎とされる[1]は、一般に[2]と認められる[3]の基準に準拠して作成されなければならないことをいう。,個別財務諸表,公正妥当,企業会計,準拠性とは、基礎とされる個別財務諸表は、一般に公正妥当と認められる企業会計の基準に準拠して作成されなければならないことをいう。,連結財務諸表における「準拠性」とは何か？,4
10205,穴埋め,連結財務諸表,連結財務諸表基準,親会社説,親会社説とは、[1]を親会社の[2]のために作成するものと考え、[1]を親会社の財務諸表の[3]に位置づけて、親会社の[2]の持分のみを反映させる考え方である。,連結財務諸表,株主,延長線上,親会社説とは、連結財務諸表を親会社の株主のために作成するものと考え、連結財務諸表を親会社の財務諸表の延長線上に位置づけて、親会社の株主の持分のみを反映させる考え方である。,親会社説とは何か？,4
10206,穴埋め,連結財務諸表,連結財務諸表基準,連結財務諸表における「経済的単一体説」,経済単一体説とは、連結財務諸表を[1]の株主のために作成するものと考え、連結財務諸表を[2]とは区別される[1]の財務諸表と位置づけて、企業集団を構成するすべての[3]の株主の持分を反映させる考え方である。,企業集団全体,親会社,連結会社,経済単一体説とは、連結財務諸表を企業集団全体の株主のために作成するものと考え、連結財務諸表を親会社とは区別される企業集団全体の財務諸表と位置づけて、企業集団を構成するすべての連結会社の株主の持分を反映させる考え方である。,連結財務諸表における「経済的単一体説」とは何か？,4
10207,穴埋め,連結財務諸表,連結財務諸表基準,親会社株主に帰属する当期純利益を内訳表示し、親会社株主に帰属する部分のみを株主資本として表示する理由,親会社株主と[1]とではリスク及びリターンが大きく異なり、親会社株主に係る成果とそれを生み出す原資に関する情報が[2]とさの[3]に有用であると考えられるためである。この取扱いは、親会社株主に帰属する当期純利益と株主資本との連繋にも配慮したものである。,被支配株主,投資家,意思決定,親会社株主と被支配株主とではリスク及びリターンが大きく異なり、親会社株主に係る成果とそれを生み出す原資に関する情報が投資家とさの意思決定に有用であると考えられるためである。この取扱いは、親会社株主に帰属する当期純利益と株主資本との連繋にも配慮したものである。,親会社株主に帰属する当期純利益を内訳表示し、親会社株主に帰属する部分のみを株主資本として表示する理由は何か？,3
10208,穴埋め,連結財務諸表,連結財務諸表基準,持株基準,持株基準とは、[1]が直接・間接に[2]の[3]を所有しているかどうかにより子会社の判定を行う基準をいう。,親会社,議決権,過半数,持株基準とは、親会社が直接・間接に議決権の過半数を所有しているかどうかにより子会社の判定を行う基準をいう。,持株基準とは何か？,4
10209,穴埋め,連結財務諸表,連結財務諸表基準,真実性の原則と,連結財務諸表は、企業集団の[1]、[2]及びキャッシュフローの状況に関して[3]を提供するものでなければならない。,財政状態,経営成績,真実な報告,連結財務諸表は、企業集団の財政状態、経営成績及びキャッシュフローの状況に関して真実な報告を提供するものでなければならない。,真実性の原則とはどのようなものか？,3
10210,穴埋め,連結財務諸表,連結財務諸表基準,基準性の原則,連結財務諸表は、[1]に属する親会社や及び子会社が一般に[2]と認められる企業会計の基準に準拠して作成した[3]を基礎として作成しなければならない。,企業集団,公正妥当,個別財務諸表,連結財務諸表は、企業集団に属する親会社や及び子会社が一般に公正妥当と認められる企業会計の基準に準拠して作成した個別財務諸表を基礎として作成しなければならない。,基準性の原則とは何か？,4
10211,穴埋め,連結財務諸表,連結財務諸表基準,明瞭性の原則,連結財務諸表は、[1]の状況に関する判断を誤らせないように、[2]に対し必要な財務情報を[3]するものでなければならない。,企業集団,利害関係者,明瞭に表示,連結財務諸表は、企業集団の状況に関する判断を誤らせないように、利害関係者に対し必要な財務情報を明瞭に表示するものでなければならない。,明瞭性の原則とは何か？,4
10212,穴埋め,連結財務諸表,連結財務諸表基準,継続性の原則,[1]成のために[2]した基準及び手続きは[3]して適用し、みだりにこれを変更してはならない。,連結財務諸表作,採用,毎期継続,連結財務諸表作成のために採用した基準及び手続きは毎期継続して適用し、みだりにこれを変更してはならない。,継続性の原則とは何か？,4
10301,穴埋め,外貨換算会計,外貨換算基準,外貨建金銭債権債務を決算時の為替相場により換算する理由,外貨建金銭債権債務は、[1]では[2]の変動リスクを負わないため、[2]評価の対象とはならないが、[3]をでは為替相場の変動リスクを負っていることから、決算時の為替相場により換算する。,外貨額,時価,円貨額,外貨建金銭債権債務は、外貨額では時価の変動リスクを負わないため、時価評価の対象とはならないが、円貨額をでは為替相場の変動リスクを負っていることから、決算時の為替相場により換算する。,外貨建金銭債権債務を決算時の為替相場により換算する理由は何か？,3
10302,穴埋め,外貨換算会計,外貨換算基準,外貨建売買目的有価証券を決算時の為替相場により換算する理由,外貨建売買目的有価証券に関する換算は、その[1]による[2]を求める過程で行われるため、[3]による時価を決算時の為替相場により円換算した額を付す。,円貨額,時価評価額,外国通貨,外貨建売買目的有価証券に関する換算は、その円貨額による時価評価額を求める過程で行われるため、外国通貨による時価を決算時の為替相場により円換算した額を付す。,外貨建売買目的有価証券を決算時の為替相場により換算する理由は何か？,3
10303,穴埋め,外貨換算会計,外貨換算基準,外貨建満期保有目的の債券を決算時の為替相場により換算する理由,満期保有目的の[1]はら金銭[1]と[2]の[3]を持つと考えられるため、決算時の為替相場により換算する。,債権,同様,性質,満期保有目的の債権はら金銭債権と同様の性質を持つと考えられるため、決算時の為替相場により換算する。,外貨建満期保有目的の債券を決算時の為替相場により換算する理由は何か？,3
10304,穴埋め,外貨換算会計,外貨換算基準,外貨建その他有価証券に関する換算を決算時の為替相場で行う理由,外貨建その他有価証券に関する換算は、その[1]による[2]を求める過程で行われるため、[3]による時価を決算時の為替相場により円換算した額を付す。,円貨額,時価評価額,外国通貨,外貨建その他有価証券に関する換算は、その円貨額による時価評価額を求める過程で行われるため、外国通貨による時価を決算時の為替相場により円換算した額を付す。,外貨建その他有価証券に関する換算を決算時の為替相場で行う理由は何か？,3
10305,穴埋め,外貨換算会計,外貨換算基準,外貨建売買目的有価証券の評価差額はどのように処理するか？,有価証券を[1]したことによる評価差額に含まれる[2]については、金融基準に基づいて処理されることになるため、当該[2]は、当期の[3]益として処理する。,時価評価,換算差額,有価証券評価損,"有価証券を時価評価したことによる評価差額に含まれる換算差額については、金融基準に基づいて処理されることになるため、当該換算差額は、当期の有価証券評価損益として処理する。
",外貨建売買目的有価証券の評価差額はどのように処理するか？,3
10306,穴埋め,外貨換算会計,外貨換算基準,外貨建子会社株式等を取得時の為替相場により換算する理由,子会社株式および[1]は、[2]と[3]の性質を有するため、取得時の為替相場により換算する。,関連会社株式,事業用資産,同様,"子会社株式および関連会社株式は、事業用資産と同様の性質を有するため、取得時の為替相場により換算する。
",外貨建子会社株式等を取得時の為替相場により換算する理由は何か？,3
10307,穴埋め,外貨換算会計,外貨換算基準,外貨換算における決算日レート法,決算日レート法とは、すべての[1][2]を、決算時の[3]により換算する方法をいう。,外貨表示財務諸,表項目,為替相場,決算日レート法とは、すべての外貨表示財務諸表項目を、決算時の為替相場により換算する方法をいう。,外貨換算における決算日レート法とは何か？,4
10308,穴埋め,外貨換算会計,外貨換算基準,外貨換算における流動・非流動法,流動・非流動法とは、流動項目を決算時の[1]によって、非流動項目を[2]は[3]の[1]によって換算する方法をいう。,為替相場,取得時又,発生時,流動・非流動法とは、流動項目を決算時の為替相場によって、非流動項目を取得時又は発生時の為替相場によって換算する方法をいう。,外貨換算における流動・非流動法とは何か？,4
10309,穴埋め,外貨換算会計,外貨換算基準,外貨換算における貨幣・非貨幣法,貨幣・非貨幣法とは、貨幣項目を決算時の[1]によって、非貨幣項目を[2]は[3]の[1]によって換算する方法をいう。,為替相場,取得時又,発生時,貨幣・非貨幣法とは、貨幣項目を決算時の為替相場によって、非貨幣項目を取得時又は発生時の為替相場によって換算する方法をいう。,外貨換算における貨幣・非貨幣法とは何か？,4
10310,穴埋め,外貨換算会計,外貨換算基準,外貨換算におけるテンポラル法,テンポラル法とは、[1]表項目のうち、[2]は発生時の外貨で測定されている項目については[2]は発生時の[3]で換算し、決算時の外貨で測定されている項目については決算時の[3]で換算する方法をいう。,外貨表示財務諸,取得時又,為替相場,テンポラル法とは、外貨表示財務諸表項目のうち、取得時又は発生時の外貨で測定されている項目については取得時又は発生時の為替相場で換算し、決算時の外貨で測定されている項目については決算時の為替相場で換算する方法をいう。,外貨換算におけるテンポラル法とは何か？,4
10311,穴埋め,外貨換算会計,外貨換算基準,外貨建取引における「一取引基準」,一取引基準とは、外貨建取引とその取引にかかる[1]とを[2]した一つの取引とみなして[3]を行う基準をいう。,代金決済取引,連続,会計処理,一取引基準とは、外貨建取引とその取引にかかる代金決済取引とを連続した一つの取引とみなして会計処理を行う基準をいう。,外貨建取引における「一取引基準」とは何か？,4
10312,穴埋め,外貨換算会計,外貨換算基準,外貨建取引における「二取引基準」,"二取引基準とは、外貨建取引とその取引にかかる[1]とを別個の取引とみなして[2]を行う基準をいう。
[3]では、二取引基準を採用している。",代金決済取引,会計処理,外貨基準,"二取引基準とは、外貨建取引とその取引にかかる代金決済取引とを別個の取引とみなして会計処理を行う基準をいう。
外貨基準では、二取引基準を採用している。",外貨建取引における「二取引基準」とは何か？,4
10313,穴埋め,外貨換算会計,外貨換算基準,外貨建取引等の「独立処理」,独立処理とは、[1]等を外貨建取引と独立した取引として[2]する方法をいう。,為替予約,会計処理,,独立処理とは、為替予約等を外貨建取引と独立した取引として会計処理する方法をいう。,外貨建取引等の「独立処理」とは何か？,4
10314,穴埋め,外貨換算会計,外貨換算基準,為替予約等の「振当処理」,振当処理とは、為替予約等により確定する決済時における円貨額により[1]等を換算し、[2]との差額を[3]する方法をいう。,外貨建取引,直物為替相場,期間配分,振当処理とは、為替予約等により確定する決済時における円貨額により外貨建取引等を換算し、直物為替相場との差額を期間配分する方法をいう。,為替予約等の「振当処理」とは何か？,4
10315,穴埋め,外貨換算会計,外貨換算基準,外貨建売買目的有価証券の換算,外貨建売買目的有価証券については、[1]による時価を決算時の[2]により円換算した額を付する。当該換算差額は、当期の[3]益として処理する。,外国通貨,為替相場,有価証券評価損,外貨建売買目的有価証券については、外国通貨による時価を決算時の為替相場により円換算した額を付する。当該換算差額は、当期の有価証券評価損益として処理する。,外貨建売買目的有価証券の換算はどのように行うか？,3
10316,穴埋め,外貨換算会計,外貨換算基準,外貨建満期保有目的の債券の換算,外貨建満期保有目的の債権については、[1]の[2]による円貨額を付する。当該換算差額は、当期の[3]として処理する。,決算時,為替相場,為替差損益,"外貨建満期保有目的の債権については、決算時の為替相場による円貨額を付する。当該換算差額は、当期の為替差損益として処理する。
",外貨建満期保有目的の債券の換算はどのように行うか？,3
10317,穴埋め,外貨換算会計,外貨換算基準,外貨建取引が発生した際、取引時の換算,外貨建取引は、原則として、当該取引発生時の[1]による[2]をもって記録する。,為替相場,円貨額,,外貨建取引は、原則として、当該取引発生時の為替相場による円貨額をもって記録する。,外貨建取引が発生した際、取引時の換算はどのように行うか？,3
10318,穴埋め,外貨換算会計,外貨換算基準,決算時における外国通貨の換算,外国通貨については、決算時の[1]による[2]を付する。決算時における換算によって生じた換算差額は、当期の[3]として処理する。,為替相場,円貨額,為替差損益,外国通貨については、決算時の為替相場による円貨額を付する。決算時における換算によって生じた換算差額は、当期の為替差損益として処理する。,決算時における外国通貨の換算はどのように行うか？,3
10401,穴埋め,キャッシュ・フロー計算書,キャッシュ・フロー計算書基準,キャッシュ・フロー計算書の必要性,"1、企業の収益性や安全性を投資者が判断するためには、[1]に加え、企業の資金情報を提供することが必要である。
2、[2]会計における損益計算に比べ、代替的方法が少ないことから、企業間の[3]の観点からも有用である。",損益計算書,発生主義,比較可能性,"1、企業の収益性や安全性を投資者が判断するためには、損益計算書に加え、企業の資金情報を提供することが必要である。
2、発生主義会計における損益計算に比べ、代替的方法が少ないことから、企業間の比較可能性の観点からも有用である。",キャッシュ・フロー計算書の必要性は何か？,4
10402,穴埋め,キャッシュ・フロー計算書,キャッシュ・フロー計算書基準,キャッシュ・フロー計算書の表示区分にはどのようなものがあるか？,"1、[1]によるキャッシュフローの区分では、[2]の対象となった取引のほか、投資活動及び[3]の取引によるキャッシュフローを記載して、[1]によるキャッシュフローを計算する。
2、投資活動によるキャッシュフローの区分では、設備投資、証券投資及び融資などにかかるキャッシュフローを記載して、投資活動によるキャッシュフローを計算する。
3、財務活動によるキャッシュフローの区分では、資金調達及び返済によるキャッシュフローを記載して、財務活動によるキャッシュフローを計算する。",営業活動,営業損益計算,財務活動以外,"1、営業活動によるキャッシュフローの区分では、営業損益計算の対象となった取引のほか、投資活動及び財務活動以外の取引によるキャッシュフローを記載して、営業活動によるキャッシュフローを計算する。
2、投資活動によるキャッシュフローの区分では、設備投資、証券投資及び融資などにかかるキャッシュフローを記載して、投資活動によるキャッシュフローを計算する。
3、財務活動によるキャッシュフローの区分では、資金調達及び返済によるキャッシュフローを記載して、財務活動によるキャッシュフローを計算する。",キャッシュ・フロー計算書の表示区分にはどのようなものがあるか？,4
10403,穴埋め,キャッシュ・フロー計算書,キャッシュ・フロー計算書基準,キャッシュ・フロー計算書における「資金」の範囲はどのように定義されるか？,"資金の範囲は、現金及び[1]とする。
1、現金とは、手許現金及び[2]をいう。
2、[1]とは、容易に換金可能であり、かつ、価値の変動について僅少なリスクしか負わない[3]をいう。",現金同等物,要求払預金,短期投資,"資金の範囲は、現金及び現金同等物とする。
1、現金とは、手許現金及び要求払預金をいう。
2、現金同等物とは、容易に換金可能であり、かつ、価値の変動について僅少なリスクしか負わない短期投資をいう。",キャッシュ・フロー計算書における「資金」の範囲はどのように定義されるか？,5
10404,穴埋め,キャッシュ・フロー計算書,キャッシュ・フロー計算書基準,「現金同等物」の具体的な範囲はどのように判断されるか？,現金同等物に具体的に何を含めるかについては[1]の判断に委ねることが適当と考えられるが、キャッシュ・フロー計算書の[2]を考慮して、取得日から3ヶ月以内に[3]は償還日が到来する短期的な投資を一般的な例として示している。,経営者,比較可能性,満期日又,現金同等物に具体的に何を含めるかについては経営者の判断に委ねることが適当と考えられるが、キャッシュ・フロー計算書の比較可能性を考慮して、取得日から3ヶ月以内に満期日又は償還日が到来する短期的な投資を一般的な例として示している。,「現金同等物」の具体的な範囲はどのように判断されるか？,4
10405,穴埋め,キャッシュ・フロー計算書,キャッシュ・フロー計算書基準,キャッシュ・フロー計算書の位置付け,キャッシュ・フロー計算書は、一会計期間におけるキャッシュ・フローの状況を一定の活動区分別に表示するものであり、[1]及び[2]と同様に[3]を対象とする重要な情報を提供するものである。,貸借対照表,損益計算書,企業活動全体,キャッシュ・フロー計算書は、一会計期間におけるキャッシュ・フローの状況を一定の活動区分別に表示するものであり、貸借対照表及び損益計算書と同様に企業活動全体を対象とする重要な情報を提供するものである。,キャッシュ・フロー計算書の位置付けはどのようなものか？,4
10501,穴埋め,研究開発費等,研究開発費,研究開発費を発生時にすべて費用処理する根拠,"1研究開発費は、発生時には将来の収益を獲得できるか否か不明であり、また、[1]が進行し、将来の収益の獲得の期待が高まったとしても、依然としてその獲得が確実であるとは言えないからである。
2[2]の要件を定める場合にも、客観的に判断可能な要件を規定することは困難であり、抽象的な要件のもとで[2]を行うことは、企業間の[3]を損なうこととなるからである。",研究開発計画,資産計上,比較可能性,"1研究開発費は、発生時には将来の収益を獲得できるか否か不明であり、また、研究開発計画が進行し、将来の収益の獲得の期待が高まったとしても、依然としてその獲得が確実であるとは言えないからである。
2資産計上の要件を定める場合にも、客観的に判断可能な要件を規定することは困難であり、抽象的な要件のもとで資産計上を行うことは、企業間の比較可能性を損なうこととなるからである。",研究開発費を発生時にすべて費用処理する根拠は何か？,3
10502,穴埋め,研究開発費等,研究開発費,資産計上される市場販売目的のソフトウェア制作費を無形固定資産として計上する理由,"1製品マスターは、それ自体が販売の対象ではない。
2製品マスターは、[1]等と同様にこれを利用して製品を作成するものである。
3製品マスターは、[2]を有している。
4製品マスターは、適正な原価計算により[3]を明確化できる。",機械装置,法的権利,取得原価,"1製品マスターは、それ自体が販売の対象ではない。
2製品マスターは、機械装置等と同様にこれを利用して製品を作成するものである。
3製品マスターは、法的権利を有している。
4製品マスターは、適正な原価計算により取得原価を明確化できる。",資産計上される市場販売目的のソフトウェア制作費を無形固定資産として計上する理由は何か？,3
10503,穴埋め,研究開発費等,研究開発費,ソフトウェア制作費を取得形態別ではなく制作目的別に会計処理する理由,ソフトウェア[1]とは、その制作目的により、[2]の収益との[3]が異なること等から、取得形態別ではなく、制作目的別に会計処理する。,製作費,将来,対応関係,ソフトウェア製作費とは、その制作目的により、将来の収益との対応関係が異なること等から、取得形態別ではなく、制作目的別に会計処理する。,ソフトウェア制作費を取得形態別ではなく制作目的別に会計処理する理由は何か？,3
10504,穴埋め,研究開発費等,研究開発費,「市場販売目的のソフトウェア」,市場販売目的のソフトウェアである製品マスターの[1]は、[2]に該当する部分を除き、資産として計上しなければならない。ただし、製品マスターの[3]に要した費用は、資産として計上してはならない。,制作費,研究開発費,機能維持,市場販売目的のソフトウェアである製品マスターの制作費は、研究開発費に該当する部分を除き、資産として計上しなければならない。ただし、製品マスターの機能維持に要した費用は、資産として計上してはならない。,「市場販売目的のソフトウェア」とは何か？,4
10505,穴埋め,研究開発費等,研究開発費,研究開発費,研究開発費とは、新しい知識の発見を目的とした計画的な調査、探究及び新しい製品、サービス、[1]についての計画もしくは[2]は既存の製品等を著しく改良するための計画もしくは設計として研究の成果そのほかの知識を[3]することにかかる費用をいう。,生産方法,設計又,具現化,研究開発費とは、新しい知識の発見を目的とした計画的な調査、探究及び新しい製品、サービス、生産方法についての計画もしくは設計又は既存の製品等を著しく改良するための計画もしくは設計として研究の成果そのほかの知識を具現化することにかかる費用をいう。,研究開発費とは何か？,4
10601,穴埋め,退職給付会計,退職給付基準,退職給付費用の計算において現価方式を採用する理由,退職給付は[1]までに[2]の期間があることから貨幣の[3]を考慮に入れる必要があるためである。,支出,相当,時間価値,退職給付は支出までに相当の期間があることから貨幣の時間価値を考慮に入れる必要があるためである。,退職給付費用の計算において現価方式を採用する理由は何か？,5
10602,穴埋め,退職給付会計,退職給付基準,退職給付の性格（本質）,退職給付は、[1]の[2]として[3]われる賃金の後払いである。,労働,対価,支払,退職給付は、労働の対価として支払われる賃金の後払いである。,退職給付の性格（本質）はどのようなものか？,5
10603,穴埋め,退職給付会計,退職給付基準,退職給付債務,退職給付債務とは、退職給付のうち、[1]までに[2]していると認められる[3]を割引いたものをいう。,認識時点,発生,部分,退職給付債務とは、退職給付のうち、認識時点までに発生していると認められる部分を割引いたものをいう。,退職給付債務とは何か？,5
10604,穴埋め,退職給付会計,退職給付基準,退職給付見込額に変動要因（予想昇給等）を加味する理由,[1]の退職給付の支払いは[2]における退職給付の額に基づいて行われるものであり、[3]の退職給付の支払額のみに基づいて将来の退職給付の額を見積もることは、退職給付の実態が適切に反映していないと考えられるため。,実際,退職時,期末時点,実際の退職給付の支払いは退職時における退職給付の額に基づいて行われるものであり、期末時点の退職給付の支払額のみに基づいて将来の退職給付の額を見積もることは、退職給付の実態が適切に反映していないと考えられるため。,退職給付見込額に変動要因（予想昇給等）を加味する理由は何か？,5
10605,穴埋め,退職給付会計,退職給付基準,年金資産が退職給付債務から控除され、貸借対照表に直接計上されない理由,年金資産は退職給付の支払いのためにのみ使用されることが制度的に担保されていることなどから、これを[1]のために保有する一般の資産と同様に企業の貸借対照表に計上することには問題があり、かえって、[2]の[3]に誤解を与える恐れがあると考えられるためである。,収益獲得,財務諸表,利用者,年金資産は退職給付の支払いのためにのみ使用されることが制度的に担保されていることなどから、これを収益獲得のために保有する一般の資産と同様に企業の貸借対照表に計上することには問題があり、かえって、財務諸表の利用者に誤解を与える恐れがあると考えられるためである。,年金資産が退職給付債務から控除され、貸借対照表に直接計上されない理由は何か？,5
10606,穴埋め,退職給付会計,退職給付基準,過去勤務費用について遅延認識が認められる理由,過去勤務費用の[1]である[2]の改訂等が従業員の[3]が将来にわたって向上するとの期待の元に行われる面があるためである。,発生要因,給付水準,勤労意欲,過去勤務費用の発生要因である給付水準の改訂等が従業員の勤労意欲が将来にわたって向上するとの期待の元に行われる面があるためである。,過去勤務費用について遅延認識が認められる理由は何か？,5
10607,穴埋め,退職給付会計,退職給付基準,数理計算上の差異について遅延認識が認められる理由,数理計算上の差異には[1]と[2]の乖離のみならず[1]数値の修正も反映されることから各期に生じる差異を直ちに費用として計上することが[3]にかかる債務の状態を忠実に表現するとは言えない面がある。,予測,実績,退職給付,数理計算上の差異には予測と実績の乖離のみならず予測数値の修正も反映されることから各期に生じる差異を直ちに費用として計上することが退職給付にかかる債務の状態を忠実に表現するとは言えない面がある。,数理計算上の差異について遅延認識が認められる理由は何か？,5
10701,穴埋め,税効果会計,税効果基準,繰延法,繰延法とは、調整すべき差異を[1]の[2]は費用と、税務上の益金又は損金の差額から把握し、これに現行の税率を適用して算定した額を調整すべき[3]として処理する方法である。,会計上,収益又,税効果額,繰延法とは、調整すべき差異を会計上の収益又は費用と、税務上の益金又は損金の差額から把握し、これに現行の税率を適用して算定した額を調整すべき税効果額として処理する方法である。,繰延法とは何か？,5
10702,穴埋め,税効果会計,税効果基準,繰延法のもとでの税効果会計の目的,繰延法のもとは、[1]における[2]等の額と税引き[3]とを期間的に対応させることが税効果会計を行う目的である。,発生年度,法人税,前当期純利益,繰延法のもとは、発生年度における法人税等の額と税引き前当期純利益とを期間的に対応させることが税効果会計を行う目的である。,繰延法のもとでの税効果会計の目的は何か？,5
10703,穴埋め,税効果会計,税効果基準,資産負債法,資産負債法とは、調整すべき差異を[1]の資産又は負債と、税務上の資産又は負債の額から把握し、これに[2]されるべき税率(予測税率)を適用して算定した額を調整すべき[3]として処理する方法である。,会計上,将来施行,税効果額,資産負債法とは、調整すべき差異を会計上の資産又は負債と、税務上の資産又は負債の額から把握し、これに将来施行されるべき税率(予測税率)を適用して算定した額を調整すべき税効果額として処理する方法である。,資産負債法とは何か？,5
10704,穴埋め,税効果会計,税効果基準,資産負債法のもとでの税効果会計の目的,資産負債法の元では、[1]の[2]等の[3]に対する影響を表示することが税効果会計を行う目的である。,将来,法人税,支払額,資産負債法の元では、将来の法人税等の支払額に対する影響を表示することが税効果会計を行う目的である。,資産負債法のもとでの税効果会計の目的は何か？,5
10705,穴埋め,税効果会計,税効果基準,繰延税金資産及び繰延税金負債の表示区分が（流動・固定から）変更された理由,繰延税金資産は換金性のある資産ではないことや、[1]に税金を納付する我が国においては1年以内に解消される[2]等について、1年以内にキャッシュフローは生じないことに一定の論拠があること等を勘案し、国際的な[3]に整合させ、すべてを非流動区分に表示することとした。,決算日後,一次差異,会計基準,繰延税金資産は換金性のある資産ではないことや、決算日後に税金を納付する我が国においては1年以内に解消される一次差異等について、1年以内にキャッシュフローは生じないことに一定の論拠があること等を勘案し、国際的な会計基準に整合させ、すべてを非流動区分に表示することとした。,繰延税金資産及び繰延税金負債の表示区分が（流動・固定から）変更された理由は何か？,5
10706,穴埋め,税効果会計,税効果基準,税効果会計の目的,税効果会計は、[1]の資産又は負債の額と[2]の資産又は負債の額に相違がある場合において、法人税等の額を適切に期間配分することにより、法人税等を控除する前の[3]と法人税等を合理的に対応させることを目的とする手続である。,企業会計上,課税所得計算上,当期純利益,税効果会計は、企業会計上の資産又は負債の額と課税所得計算上の資産又は負債の額に相違がある場合において、法人税等の額を適切に期間配分することにより、法人税等を控除する前の当期純利益と法人税等を合理的に対応させることを目的とする手続である。,税効果会計の目的は何か？,5
10801,穴埋め,金融商品会計,金融商品に関する会計基準の概要,金融資産又は金融負債の発生を契約締結時に認識する理由,金融資産又は金融負債自体を対象とする取引については、[1]の契約締結時から当該金融資産又は金融負債の時価の変動リスクや契約の相手方の[2]等に基づく信用リスクが[3]に生じるため、契約締結時においてその発生を認識するのである。,当該取引,財政状態,契約当事者,金融資産又は金融負債自体を対象とする取引については、当該取引の契約締結時から当該金融資産又は金融負債の時価の変動リスクや契約の相手方の財政状態等に基づく信用リスクが契約当事者に生じるため、契約締結時においてその発生を認識するのである。,金融資産又は金融負債の発生を契約締結時に認識する理由は何か？,4
10802,穴埋め,金融商品会計,金融資産の評価の概要,時価評価の必要性,自家による自由な換金・決済等が可能な[1]については、[2]としても、企業の財務認識としても、さらに、[3]の観点からも、これを時価評価し、適切に財務諸表に反映することが必要であると考えられる。,金融資産,投資情報,国際的調和化,自家による自由な換金・決済等が可能な金融資産については、投資情報としても、企業の財務認識としても、さらに、国際的調和化の観点からも、これを時価評価し、適切に財務諸表に反映することが必要であると考えられる。,時価評価の必要性は何か？,3
10803,穴埋め,金融商品会計,金融資産の評価の概要,保有目的に応じた処理方法の必要性,保有目的等をまったく考慮せずに[1]を行うことは、必ずしも、企業の[2]及び[3]を適切に財務諸表に反映させることにならないためである。,時価評価,財政状態,経営成績,保有目的等をまったく考慮せずに時価評価を行うことは、必ずしも、企業の財政状態及び経営成績を適切に財務諸表に反映させることにならないためである。,保有目的に応じた処理方法の必要性は何か？,3
10804,穴埋め,金融商品会計,金融債権・債務,金銭債務を時価評価しない理由,金銭債務は[1]的には[2]がないか、車載のように[2]があっても自己の発効した社債を時価により自由に清算するには[3]等の制約があると考えられるので、時価評価を行わないこととした。,一般,市場,事業遂行上,金銭債務は一般的には市場がないか、車載のように市場があっても自己の発効した社債を時価により自由に清算するには事業遂行上等の制約があると考えられるので、時価評価を行わないこととした。,金銭債務を時価評価しない理由は何か？,3
10805,穴埋め,金融商品会計,金融債権・債務,金銭債権を時価評価しない理由,金銭債権については一般的に、活発な市場がない場合が多いためである。このうち、[1]や売掛金は[2]的に決済されることが予定されており、[3]が時価に近似しているものと考えられ、また、貸付金等の債権は時価を容易に入手できない場合や売却することを意図していない場合が少なくないと考えられるので、金銭債権については、原則として時価評価は行わないこととした。,受取手形,通常短期,帳簿価額,金銭債権については一般的に、活発な市場がない場合が多いためである。このうち、受取手形や売掛金は通常短期的に決済されることが予定されており、帳簿価額が時価に近似しているものと考えられ、また、貸付金等の債権は時価を容易に入手できない場合や売却することを意図していない場合が少なくないと考えられるので、金銭債権については、原則として時価評価は行わないこととした。,金銭債権を時価評価しない理由は何か？,3
10806,穴埋め,金融商品会計,有価証券,売買目的有価証券を時価評価する理由,売買目的有価証券については、[1]にとっての有用な情報は有価証券の[2]での時価に求められると考えられるため、時価を持って[3]価額とする,投資者,期末時点,貸借対照表,売買目的有価証券については、投資者にとっての有用な情報は有価証券の期末時点での時価に求められると考えられるため、時価を持って貸借対照表価額とする,売買目的有価証券を時価評価する理由は何か？,4
10807,穴埋め,金融商品会計,有価証券,売買目的有価証券の評価差額を当期の損益として処理する理由,売買目的有価証券は、[1]することについて[2]等の制約がなく、時価の変動に当たる評価差額が企業にとっての[3]と考えられることから、その評価差額は当期の損益として処理する。,売却,事業遂行上,財務活動の成果,売買目的有価証券は、売却することについて事業遂行上等の制約がなく、時価の変動に当たる評価差額が企業にとっての財務活動の成果と考えられることから、その評価差額は当期の損益として処理する。,売買目的有価証券の評価差額を当期の損益として処理する理由は何か？,4
10808,穴埋め,金融商品会計,有価証券,満期保有目的の債券を時価評価しない理由,満期保有目的の債権については、時価が算定できるものであっても、満期まで保有することによる[1]及び元本の受け取りを目的としており、満期までの間の金利変動による価格変動のリスクを認める必要がないことから、原則として、[2]又は、[3]に基づいて算定された価額を持って貸借対照価額をする。,約定利息,取得原価,償却原価法,満期保有目的の債権については、時価が算定できるものであっても、満期まで保有することによる約定利息及び元本の受け取りを目的としており、満期までの間の金利変動による価格変動のリスクを認める必要がないことから、原則として、取得原価又は、償却原価法に基づいて算定された価額を持って貸借対照価額をする。,満期保有目的の債券を時価評価しない理由は何か？,4
10809,穴埋め,金融商品会計,有価証券,子会社株式及び関連会社株式を時価評価しない理由,"子会社株式について、事業投資と同じく時価の変動を[1]とは捉えないという考え方に基づき、[2]を持って[3]価額とする。
また、関連会社株式については、他企業への影響力の行使を目的として保有する株式であることから、子会社株式の場合と同じく、事実上の事業投資と同様の会計処理を行うことが適当であるため、[2]を持って[3]価額とする。",財務活動の成果,取得原価,貸借対照表,"子会社株式について、事業投資と同じく時価の変動を財務活動の成果とは捉えないという考え方に基づき、取得原価を持って貸借対照表価額とする。
また、関連会社株式については、他企業への影響力の行使を目的として保有する株式であることから、子会社株式の場合と同じく、事実上の事業投資と同様の会計処理を行うことが適当であるため、取得原価を持って貸借対照表価額とする。",子会社株式及び関連会社株式を時価評価しない理由は何か？,4
10810,穴埋め,金融商品会計,有価証券,その他有価証券を時価評価する理由,その他有価証券について、[1]としても、企業の[2]としても、さらに[3]の観点からもこれを時価評価し適切に財務諸表に反映することが必要である。,投資情報,財務認識,国際的調和化,その他有価証券について、投資情報としても、企業の財務認識としても、さらに国際的調和化の観点からもこれを時価評価し適切に財務諸表に反映することが必要である。,その他有価証券を時価評価する理由は何か？,4
10811,穴埋め,金融商品会計,有価証券,その他有価証券の評価差額はどのように処理するか？,"その他有価証券については、事業遂行上等の必要性から直ちに売買・換金を行うことには制約を伴う要素もあり、評価差額を直ちに[1]として処理することは適切ではないため、評価差額を[1]として処理することなく、税効果を調整の上、[2]に記載する。
ただし、企業会計上、保守主義の観点から、これまで認められていた低下法による評価の考えたを考慮し、部分純資産直入法を適用して、時価が取得原価を下回る銘柄の評価差額は[3]に計上することもできる。",当期の損益,純資産の部,損益計算書,"その他有価証券については、事業遂行上等の必要性から直ちに売買・換金を行うことには制約を伴う要素もあり、評価差額を直ちに当期の損益として処理することは適切ではないため、評価差額を当期の損益として処理することなく、税効果を調整の上、純資産の部に記載する。
ただし、企業会計上、保守主義の観点から、これまで認められていた低下法による評価の考えたを考慮し、部分純資産直入法を適用して、時価が取得原価を下回る銘柄の評価差額は損益計算書に計上することもできる。",その他有価証券の評価差額はどのように処理するか？,4
10812,穴埋め,金融商品会計,有価証券,売買目的有価証券,売買目的有価証券とは、[1]の[2]により[3]を得ることを目的として保有する有価証券をいう。,時価,変動,利益,売買目的有価証券とは、時価の変動により利益を得ることを目的として保有する有価証券をいう。,売買目的有価証券とは何か？,5
10813,穴埋め,金融商品会計,有価証券,売買目的有価証券の評価及び評価差額の処理,売買目的有価証券については、[1]を持って[2]価額とし、評価差額は[3]として処理する。,時価,貸借対照表,当期の損益,売買目的有価証券については、時価を持って貸借対照表価額とし、評価差額は当期の損益として処理する。,売買目的有価証券の評価及び評価差額の処理はどのように行うか？,4
10814,穴埋め,金融商品会計,有価証券,満期保有目的の債券,満期保有目的の[1]とは、企業が[2]まで保有する[3]を持って保有する社債そのほかの[1]をいう。,債権,万期,意図,満期保有目的の債権とは、企業が万期まで保有する意図を持って保有する社債そのほかの債権をいう。,満期保有目的の債券とは何か？,5
10815,穴埋め,金融商品会計,有価証券,満期保有目的の債券の評価,満期保有目的の債権については、[1]を持って[2]価額とする。ただし、債権を債権金額より低い価額又は高い価額で取得した場合において、[1]と債権金額との差額の性格が金利の調整と認められる時は、[3]に基づいて算定された価額を持って[2]価額としなければならない。,取得原価,貸借対照表,償却原価法,満期保有目的の債権については、取得原価を持って貸借対照表価額とする。ただし、債権を債権金額より低い価額又は高い価額で取得した場合において、取得原価と債権金額との差額の性格が金利の調整と認められる時は、償却原価法に基づいて算定された価額を持って貸借対照表価額としなければならない。,満期保有目的の債券の評価はどのように行うか？,4
10816,穴埋め,金融商品会計,有価証券,その他有価証券,その他有価証券とは、[1]券、[2]的の債権、子会社株式及び[3]外の有価証券をいう。,売買目的有価証,満期保有目,関連会社株式以,その他有価証券とは、売買目的有価証券、満期保有目的の債権、子会社株式及び関連会社株式以外の有価証券をいう。,その他有価証券とは何か？,5
10817,穴埋め,金融商品会計,デリバティブ取引,デリバティブ取引を時価評価する理由,[1]及び[2]にとって意義を有する価値は正味の[3]は債務の時価に求められると考えられるためである。,投資者,企業双方,債権又,投資者及び企業双方にとって意義を有する価値は正味の債権又は債務の時価に求められると考えられるためである。,デリバティブ取引を時価評価する理由は何か？,2
10818,穴埋め,金融商品会計,デリバティブ取引,デリバティブ取引の評価差額を当期の損益として処理する理由,デリバティブ取引により生じる[1]の[2]及び債務の時価の変動は、企業にとっての[3]であると考えられるためである。,正味,債権,財務活動の成果,デリバティブ取引により生じる正味の債権及び債務の時価の変動は、企業にとっての財務活動の成果であると考えられるためである。,デリバティブ取引の評価差額を当期の損益として処理する理由は何か？,2
10819,穴埋め,金融商品会計,デリバティブ取引,デリバティブ取引,デリバティブ取引とは、取引により生じる[1]の[2]または債務の時価の変動により[3]が利益を得または損失を被るものをいう。,正味,債権,保有者,デリバティブ取引とは、取引により生じる正味の債権または債務の時価の変動により保有者が利益を得または損失を被るものをいう。,デリバティブ取引とは何か？,3
10820,穴埋め,金融商品会計,ヘッジ会計,ヘッジ会計を採用する理由,ヘッジ会計を適用することで、[1]及び[2]にかかる損益を期間的に合理的に対応させ、[1]の相場変動等による損失の可能性が[2]によってカバーされているという[3]を財務諸表に反映させるためである。,ヘッジ対象,ヘッジ手段,経済的実態,ヘッジ会計を適用することで、ヘッジ対象及びヘッジ手段にかかる損益を期間的に合理的に対応させ、ヘッジ対象の相場変動等による損失の可能性がヘッジ手段によってカバーされているという経済的実態を財務諸表に反映させるためである。,ヘッジ会計を採用する理由は何か？,4
10821,穴埋め,金融商品会計,ヘッジ会計,ヘッジ会計,ヘッジ会計とは、ヘッジ取引のうち一定の要件を満たすものについて、[1]にかかる損益と[2]に係る損益を同一の[3]に認識し、ヘッジの効果を会計に反映させるための特殊な会計処理をいう。,ヘッジ対象,ヘッジ手段,会計期間,ヘッジ会計とは、ヘッジ取引のうち一定の要件を満たすものについて、ヘッジ対象にかかる損益とヘッジ手段に係る損益を同一の会計期間に認識し、ヘッジの効果を会計に反映させるための特殊な会計処理をいう。,ヘッジ会計とは何か？,5
10822,穴埋め,金融商品会計,ヘッジ会計,繰延ヘッジ,"ヘッジ会計の方法には、繰延ヘッジと時価ヘッジがあり、繰延ヘッジを原則とする。
繰延ヘッジとは、時価評価されている[1]にかかる損益又は評価差額を、[2]にかかる損益が認識されるまで[3]において繰り延べる方法である。",ヘッジ手段,ヘッジ対象,純資産の部,"ヘッジ会計の方法には、繰延ヘッジと時価ヘッジがあり、繰延ヘッジを原則とする。
繰延ヘッジとは、時価評価されているヘッジ手段にかかる損益又は評価差額を、ヘッジ対象にかかる損益が認識されるまで純資産の部において繰り延べる方法である。",繰延ヘッジとは何か？,5
10823,穴埋め,金融商品会計,ヘッジ会計,時価ヘッジ,時価ヘッジとは、[1]である資産又は負債にかかる[2]等を損益に反映させることにより、その損益と[3]にかかる損益とを同一の会計期間に認識する方法である。,ヘッジ対象,相場変動,ヘッジ手段,時価ヘッジとは、ヘッジ対象である資産又は負債にかかる相場変動等を損益に反映させることにより、その損益とヘッジ手段にかかる損益とを同一の会計期間に認識する方法である。,時価ヘッジとは何か？,5
10901,穴埋め,減損会計,減損基準,固定資産の減損処理,固定資産の減損とは、固定資産の収益性の低下により投資額の回収が見込めなくなった状態であり、減損処理とは、そのような場合に、一定の条件の下で[1]を反映させるように[2]を減額する[3]である。,回収可能性,帳簿価額,会計処理,固定資産の減損とは、固定資産の収益性の低下により投資額の回収が見込めなくなった状態であり、減損処理とは、そのような場合に、一定の条件の下で回収可能性を反映させるように帳簿価額を減額する会計処理である。,固定資産の減損処理とは何か？,5
10902,穴埋め,減損会計,減損基準,固定資産の減損処理を行う目的,固定資産の減損処理は、[1]基準の下で[2]を反映させるように、過大な[3]を減額し、将来に損失を繰延ないために行われる会計処理である。,取得原価,回収可能性,帳簿価額,固定資産の減損処理は、取得原価基準の下で回収可能性を反映させるように、過大な帳簿価額を減額し、将来に損失を繰延ないために行われる会計処理である。,固定資産の減損処理を行う目的は何か？,5
10903,穴埋め,減損会計,減損基準,減損損失が「相当程度に確実な場合」に限って認識される理由,減損損失の測定は、キャッシュフローの見積に大きく依存する。将来キャッシュフローが約定されている場合の[1]と異なり、成果の[2]な[3]の減損は、測定が主観的にならざるを得ないためである。,金融資産,不確定,事業用資産,減損損失の測定は、キャッシュフローの見積に大きく依存する。将来キャッシュフローが約定されている場合の金融資産と異なり、成果の不確定な事業用資産の減損は、測定が主観的にならざるを得ないためである。,減損損失が「相当程度に確実な場合」に限って認識される理由は何か？,5
10904,穴埋め,減損会計,減損基準,棚卸資産の評価における「正味売却価額」,正味売却価額とは、[1]は資産グループの[2]から[3]み額を控除して算定される金額をいう。,資産又,時価,処分費用見込,正味売却価額とは、資産又は資産グループの時価から処分費用見込み額を控除して算定される金額をいう。,棚卸資産の評価における「正味売却価額」とは何か？,5
10905,穴埋め,減損会計,減損基準,減損会計における「使用価値」,使用価値とは、[1]は資産グループの[2]と使用後の処分によって生ずると見込まれる将来キャッシュフローの[3]をいう。,資産又,継続的使用,現在価値,使用価値とは、資産又は資産グループの継続的使用と使用後の処分によって生ずると見込まれる将来キャッシュフローの現在価値をいう。,減損会計における「使用価値」とは何か？,5
10906,穴埋め,減損会計,減損基準,減損損失の測定,"[1]を回収可能価額まで減額し、当該減少額を減損損失として当期の損失とする。
回収可能価額とは、売却による回収額である[2]と使用による回収額である[3]のいずれか高い価額をいう。",帳簿価額,正味売却価額,使用価値,"帳簿価額を回収可能価額まで減額し、当該減少額を減損損失として当期の損失とする。
回収可能価額とは、売却による回収額である正味売却価額と使用による回収額である使用価値のいずれか高い価額をいう。",減損損失の測定はどのように行うか？,5
10907,穴埋め,減損会計,減損基準,減損の兆候がある資産に絞って減損損失の認識を判定する理由,対象資産全てについて減損損失の認識の判定を行うことが、[1]、[2]な[3]となる恐れがあることを考慮したためである。,実務上,過大,負担,対象資産全てについて減損損失の認識の判定を行うことが、実務上、過大な負担となる恐れがあることを考慮したためである。,減損の兆候がある資産に絞って減損損失の認識を判定する理由は何か？,5
11001,穴埋め,組織再編会計,企業結合基準,企業結合基準における「取得」,取得とは、ある企業が他の[1]は企業を[2]する[3]に対する支配を獲得することをいう。,企業又,構成,事業,取得とは、ある企業が他の企業又は企業を構成する事業に対する支配を獲得することをいう。,企業結合基準における「取得」とは何か？,5
11002,穴埋め,組織再編会計,企業結合基準,企業結合における「パーチェス法」,パーチェス法とは、[1]から受け入れる資産及び負債の[2]を、対価として交付する現金及び株式等の時価([3])とする方法をいう。,非結合企業,取得原価,公正価値,パーチェス法とは、非結合企業から受け入れる資産及び負債の取得原価を、対価として交付する現金及び株式等の時価(公正価値)とする方法をいう。,企業結合における「パーチェス法」とは何か？,5
11003,穴埋め,組織再編会計,企業結合基準,企業結合においてパーチェス法が採用される理由,企業結合の多くは、実質的にはいずれかの[1]による新規の投資と同じであり、交付する現金及び株式等の投資額を[2]として他の[1]から受け入れる資産及び負債を評価することが現行の一般的な[3]と整合するからである。,結合当時企業,取得価額,会計処理,企業結合の多くは、実質的にはいずれかの結合当時企業による新規の投資と同じであり、交付する現金及び株式等の投資額を取得価額として他の結合当時企業から受け入れる資産及び負債を評価することが現行の一般的な会計処理と整合するからである。,企業結合においてパーチェス法が採用される理由は何か？,4
11004,穴埋め,組織再編会計,企業結合基準,のれんを規則的に償却する理由,"1[1]の成果たる収益と、その対価の一部を構成する[2]の償却という費用の対応が可能になるためである。
2のれんは[3]の一部であることに鑑みれば、のれんを規則的に償却する方法は、[3]を超えて回収された超過額を企業にとっての利益と見る考え方とも首尾一貫しているためである。
3[1]により生じたのれんは時間の経過とともに自己創設のれんに入れ替わる可能性があるため、[1]により計上したのれんの非償却による自己創設のれんの実質的な資産計上を防ぐことができるためである。",企業結合,投資消去差額,投資原価,"1企業結合の成果たる収益と、その対価の一部を構成する投資消去差額の償却という費用の対応が可能になるためである。
2のれんは投資原価の一部であることに鑑みれば、のれんを規則的に償却する方法は、投資原価を超えて回収された超過額を企業にとっての利益と見る考え方とも首尾一貫しているためである。
3企業結合により生じたのれんは時間の経過とともに自己創設のれんに入れ替わる可能性があるため、企業結合により計上したのれんの非償却による自己創設のれんの実質的な資産計上を防ぐことができるためである。",のれんを規則的に償却する理由は何か？,4
11005,穴埋め,組織再編会計,企業結合基準,負ののれんが生じた事業年度の利益として処理される理由,1負の[1]の[2]を[3]な項目やバーゲン・パーチェスであると位置づけ、現実には異常かつ発生の可能性が低いことから、異常利益としての処理が妥当であると考えるためである。,のれん,発生原因,認識不能,1負ののれんの発生原因を認識不能な項目やバーゲン・パーチェスであると位置づけ、現実には異常かつ発生の可能性が低いことから、異常利益としての処理が妥当であると考えるためである。,負ののれんが生じた事業年度の利益として処理される理由は何か？,4
11006,穴埋め,組織再編会計,企業結合基準,企業結合基準における「持分の結合」,持分の結合とは、いずれの企業の[1]も他の企業を支配したとは認められず、結合後企業のリスクや便益を引き続き相互に共有することを達成するため、それぞれの事業の全て又は[2]のすべてを結合して一つの[3]となることをいう。,株主,事実上,報告単位,持分の結合とは、いずれの企業の株主も他の企業を支配したとは認められず、結合後企業のリスクや便益を引き続き相互に共有することを達成するため、それぞれの事業の全て又は事実上のすべてを結合して一つの報告単位となることをいう。,企業結合基準における「持分の結合」とは何か？,5
11007,穴埋め,組織再編会計,企業結合基準,企業結合,企業結合とは、ある[1]はある企業を[2]する事業と他の[1]は他の企業を[2]する事業とが一つの[3]に結合されることをいう。,企業又,構成,報告単位,企業結合とは、ある企業又はある企業を構成する事業と他の企業又は他の企業を構成する事業とが一つの報告単位に結合されることをいう。,企業結合とは何か？,5
11008,穴埋め,組織再編会計,企業結合基準,企業結合基準の基本的な考え方,企業結合基準は企業結合には[1]と持分の結合という異なる[2]を有するものが存在する以上、それぞれの実態に対応する適切な[3]を適用する必要があるとの考え方に立っている。,取得,経済的実態,会計処理方法,企業結合基準は企業結合には取得と持分の結合という異なる経済的実態を有するものが存在する以上、それぞれの実態に対応する適切な会計処理方法を適用する必要があるとの考え方に立っている。,企業結合基準の基本的な考え方はどのようなものか？,4
11101,穴埋め,純資産・包括利益,純資産の概要,純資産の部を「株主資本」と「それ以外の項目」に区分する理由,"財務報告における情報開示の中で、投資の成果を表す当期純利益とこれを生み出す株主資本との関係を示すことが重要であるため、株主資本と株主資本以外の各項目を区分するのである。
この結果、[1]における当期純利益の額と[2]における株主資本の[3]を除く当期変動額が一致することとなる。",損益計算書,貸借対照表,資本取引,"財務報告における情報開示の中で、投資の成果を表す当期純利益とこれを生み出す株主資本との関係を示すことが重要であるため、株主資本と株主資本以外の各項目を区分するのである。
この結果、損益計算書における当期純利益の額と貸借対照表における株主資本の資本取引を除く当期変動額が一致することとなる。",純資産の部を「株主資本」と「それ以外の項目」に区分する理由は何か？,4
11102,穴埋め,純資産・包括利益,純資産の概要,評価・換算差額等を純資産の部に記載する理由,評価・換算差額等は、[1]は[2]を有するものではないため、純資産の部に記載される。,資産性又,負債性,,評価・換算差額等は、資産性又は負債性を有するものではないため、純資産の部に記載される。,評価・換算差額等を純資産の部に記載する理由は何か？,4
11103,穴埋め,純資産・包括利益,純資産の概要,評価・換算差額等を「株主資本以外の項目」とする理由,評価・換算差額等は、[1]ではなく、かつ、未だ[2]に含められていないことから、株主資本以外の項目とされる。,払込資本,当期純利益,,評価・換算差額等は、払込資本ではなく、かつ、未だ当期純利益に含められていないことから、株主資本以外の項目とされる。,評価・換算差額等を「株主資本以外の項目」とする理由は何か？,4
11104,穴埋め,純資産・包括利益,純資産の概要,新株予約権を純資産の部に記載する理由,新株予約権は、[1]のある負債ではなく、負債の部に表示することは[2]ではないため、純資産の部に記載される。,返済義務,適当,,新株予約権は、返済義務のある負債ではなく、負債の部に表示することは適当ではないため、純資産の部に記載される。,新株予約権を純資産の部に記載する理由は何か？,4
11105,穴埋め,純資産・包括利益,純資産の概要,新株予約権を「株主資本以外の項目」とする理由,新株予約権は、[1]の[2]である株主とは異なる新株予約権者との[3]的な取引によるものであり、株主に帰属するものではないため、株主資本以外の項目とされる。,報告主体,所有者,直接,新株予約権は、報告主体の所有者である株主とは異なる新株予約権者との直接的な取引によるものであり、株主に帰属するものではないため、株主資本以外の項目とされる。,新株予約権を「株主資本以外の項目」とする理由は何か？,4
11106,穴埋め,純資産・包括利益,純資産の概要,非支配株主持分（旧少数株主持分）を純資産の部に記載する理由,非支配株主持分は、[1]の資本のうち[2]に帰属していない部分であり、[3]のある負債ではないため、純資産の部に計上される。,子会社,親会社,返済義務,非支配株主持分は、子会社の資本のうち親会社に帰属していない部分であり、返済義務のある負債ではないため、純資産の部に計上される。,非支配株主持分（旧少数株主持分）を純資産の部に記載する理由は何か？,4
11107,穴埋め,純資産・包括利益,純資産の概要,非支配株主持分を「株主資本以外の項目」とする理由,非支配株主持分、[1]のうち[2]に[3]していない部分であり、[2]株主に[3]するものではないため、株主資本以外の項目とされる。,子会社資本,親会社,帰属,非支配株主持分、子会社資本のうち親会社に帰属していない部分であり、親会社株主に帰属するものではないため、株主資本以外の項目とされる。,非支配株主持分を「株主資本以外の項目」とする理由は何か？,4
11108,穴埋め,純資産・包括利益,株主資本,企業会計基準において維持拘束性の観点から資本を区分する理由,企業会計基準では、[1]のために情報開示の観点から、[2]に資本取引から生じた維持拘束性を特質とする留保利益([3])を区別することに重点をおいているためである。,投資者保護,取引源泉別,利益剰余金,企業会計基準では、投資者保護のために情報開示の観点から、取引源泉別に資本取引から生じた維持拘束性を特質とする留保利益(利益剰余金)を区別することに重点をおいているためである。,企業会計基準において維持拘束性の観点から資本を区分する理由は何か？,4
11109,穴埋め,純資産・包括利益,株主資本,純資産の部における「本来的な区分」,[1]では、株主と債権者の[2]に観点から、[3]を構成する剰余金とそれ以外の資本金及び準備金に区別することに重点を置いているためである。,会社法,利害調整,分配可能額,会社法では、株主と債権者の利害調整に観点から、分配可能額を構成する剰余金とそれ以外の資本金及び準備金に区別することに重点を置いているためである。,純資産の部における「本来的な区分」の理由は何か？,4
11110,穴埋め,純資産・包括利益,株主資本,純資産の部における「表示上の区分」,会社法では、一元化の観点から[1]の表示を[2]及び[3]に合わせたためである。,株主資本,企業会計基準,財務諸表等規則,会社法では、一元化の観点から株主資本の表示を企業会計基準及び財務諸表等規則に合わせたためである。,純資産の部における「表示上の区分」の理由は何か？,4
11111,穴埋め,純資産・包括利益,株主資本,資本剰余金を区分表示する考え方・理由,[1]では、[2]を構成するその他資本剰余金とそれ以外の[3]を区別する必要がある会社法の考え方を考慮しているためである。,企業会計基準,分配可能額,資本準備金,企業会計基準では、分配可能額を構成するその他資本剰余金とそれ以外の資本準備金を区別する必要がある会社法の考え方を考慮しているためである。,資本剰余金を区分表示する考え方・理由は何か？,4
11112,穴埋め,純資産・包括利益,株主資本,自己株式処分差益を資本剰余金項目とする理由,自己株式の処分が[1]の発行と同様の[2]を有する点を考慮すると、その[3]も株主からの払い込み資本と同様の性格を有すると考えられるためである。,新株,経済的実態,処分差額,自己株式の処分が新株の発行と同様の経済的実態を有する点を考慮すると、その処分差額も株主からの払い込み資本と同様の性格を有すると考えられるためである。,自己株式処分差益を資本剰余金項目とする理由は何か？,4
11113,穴埋め,純資産・包括利益,株主資本,自己株式処分差益をその他資本剰余金に計上する理由,[1]において自己株式処分差益は[2]を[3]するためである。,会社法,分配可能額,構成,会社法において自己株式処分差益は分配可能額を構成するためである。,自己株式処分差益をその他資本剰余金に計上する理由は何か？,4
11114,穴埋め,純資産・包括利益,株主資本,利益剰余金を区分表示する考え方・理由,[1]では、[2]を構成するその他利益剰余金とそれ以外の利益剰余金を区別する必要がある[3]の考え方を考慮しているためである。,企業会計基準,分配可能額,会社法,企業会計基準では、分配可能額を構成するその他利益剰余金とそれ以外の利益剰余金を区別する必要がある会社法の考え方を考慮しているためである。,利益剰余金を区分表示する考え方・理由は何か？,4
11115,穴埋め,純資産・包括利益,株主資本,自己株式処分差損を（利益剰余金ではなく）資本剰余金からの控除とする理由,自己株式の取得と処分を一連の取引とみた場合、[1]の[2]からの分配の性格を有すると考えられるが、自己株式の処分が新株の発行と同様の[3]を有する点を考慮すると、利益剰余金の額を増減させるべきでなく、処分差益と同じく処分差損についても、資本剰余金の額を減少することが適切であると考えられるためである。,純資産の部,株主資本,経済的実態,自己株式の取得と処分を一連の取引とみた場合、純資産の部の株主資本からの分配の性格を有すると考えられるが、自己株式の処分が新株の発行と同様の経済的実態を有する点を考慮すると、利益剰余金の額を増減させるべきでなく、処分差益と同じく処分差損についても、資本剰余金の額を減少することが適切であると考えられるためである。,自己株式処分差損を（利益剰余金ではなく）資本剰余金からの控除とする理由は何か？,4
11116,穴埋め,純資産・包括利益,株主資本,自己株式処分差損を（資本準備金ではなく）その他資本剰余金からの控除とする理由,資本準備金からの[1]が[2]の[3]を受けるためである。,減額,会社法上,制約,資本準備金からの減額が会社法上の制約を受けるためである。,自己株式処分差損を（資本準備金ではなく）その他資本剰余金からの控除とする理由は何か？,4
11117,穴埋め,純資産・包括利益,株主資本,自己株式に対する「資産説」,資産説とは、自己株式を取得したのみでは株式は失効しておらず、他の[1]と同様に[2]のある[3]と捉え、資産として扱う考え方をいう。,有価証券,換金性,会社財産,資産説とは、自己株式を取得したのみでは株式は失効しておらず、他の有価証券と同様に換金性のある会社財産と捉え、資産として扱う考え方をいう。,自己株式に対する「資産説」とは何か？,5
11118,穴埋め,純資産・包括利益,株主資本,自己株式に対する「資本控除説」,資本控除説とは、自己株式の取得は株主との間の[1]であり、[2]に対する[3]の払い戻しの性格を有するものと捉え、資本の控除として扱う考え方をいう。,資本取引,会社所有者,会社財産,資本控除説とは、自己株式の取得は株主との間の資本取引であり、会社所有者に対する会社財産の払い戻しの性格を有するものと捉え、資本の控除として扱う考え方をいう。,自己株式に対する「資本控除説」とは何か？,5
11119,穴埋め,純資産・包括利益,株主資本,自己株式を一括して株主資本全体の控除項目として表示する理由,[1]を[2]したのみでは[3]が減少するわけではなく、[2]後の処分もあり得る点に着目し、自己株式の保有は処分または消却までの暫定的な状態であると考えられるためである。,自己株主,取得,発行済株式総数,自己株主を取得したのみでは発行済株式総数が減少するわけではなく、取得後の処分もあり得る点に着目し、自己株式の保有は処分または消却までの暫定的な状態であると考えられるためである。,自己株式を一括して株主資本全体の控除項目として表示する理由は何か？,4
11120,穴埋め,純資産・包括利益,株主資本,資本剰余金の区分内容（どのように区分するか）,[1]によれば、資本剰余金は[2]及びその他資本剰余金に区分される。,企業会計基準,資本準備金,,企業会計基準によれば、資本剰余金は資本準備金及びその他資本剰余金に区分される。,資本剰余金の区分内容（どのように区分するか）はどのようなものか？,4
11121,穴埋め,純資産・包括利益,株主資本,利益剰余金の区分内容（どのように区分するか）,[1]によれば、利益剰余金は[2]及びその他利益剰余金に区分される。,企業会計基準,利益準備金,,企業会計基準によれば、利益剰余金は利益準備金及びその他利益剰余金に区分される。,利益剰余金の区分内容（どのように区分するか）はどのようなものか？,4
11301,穴埋め,組織再編会計,事業分離基準,事業分離,事業分離とは、ある企業を[1]する事業を他の企業に[2]することをいう。,構成,移転,,事業分離とは、ある企業を構成する事業を他の企業に移転することをいう。,事業分離とは何か？,5
11302,穴埋め,組織再編会計,事業分離基準,事業分離における基本的な考え方（移転損益の認識）,分離した事業に関する[1]が[2]しているとみるか清算されたとみるかによって、一般的な売却や交換に伴う損益認識と同様に、[3]において移転損益を認識されない場合と認識される場合がある。,投資,継続,分離元企業,分離した事業に関する投資が継続しているとみるか清算されたとみるかによって、一般的な売却や交換に伴う損益認識と同様に、分離元企業において移転損益を認識されない場合と認識される場合がある。,事業分離における基本的な考え方（移転損益の認識）はどのようなものか？,4
11401,穴埋め,その他,ストックオプション基準,ストック・オプションが権利確定日以前に費用認識される根拠,[1]等に[2]されたストックオプションを[3]として、これと引き換えに企業に追加的にサービスが提供され、企業に帰属することとなったサービスを消費したと考えられるため、費用認識を行うべきである。,従業員,付与,対価,従業員等に付与されたストックオプションを対価として、これと引き換えに企業に追加的にサービスが提供され、企業に帰属することとなったサービスを消費したと考えられるため、費用認識を行うべきである。,ストック・オプションが権利確定日以前に費用認識される根拠は何か？,2
11402,穴埋め,その他,ストックオプション基準,権利不行使による失効時に新株予約権戻入益として利益計上する論拠,ストックオプションが行使されないまま失効すれば、結果として[1]は[2]を[3]で引き渡す義務を免れることになり、無償で提供されたサービスを消費したと考えることができるためである。,会社,株式,時価未満,ストックオプションが行使されないまま失効すれば、結果として会社は株式を時価未満で引き渡す義務を免れることになり、無償で提供されたサービスを消費したと考えることができるためである。,権利不行使による失効時に新株予約権戻入益として利益計上する論拠は何か？,2
11501,穴埋め,棚卸資産会計,棚卸資産基準,収益性が低下した棚卸資産の簿価切下げを行う理由,収益性が低下した場合における簿価切り下げは、[1]基準のもとで[2]を反映させるように、過大な[3]を減額し、将来に損失を繰り延べないために行われる会計処理である。,取得原価,回収可能性,帳簿価額,収益性が低下した場合における簿価切り下げは、取得原価基準のもとで回収可能性を反映させるように、過大な帳簿価額を減額し、将来に損失を繰り延べないために行われる会計処理である。,収益性が低下した棚卸資産の簿価切下げを行う理由は何か？,5
11502,穴埋め,棚卸資産会計,棚卸資産基準,棚卸資産の評価において、正味売却価額との比較により収益性の低下を判断する理由,棚卸資産の場合には、[1]、[2]によってのみ[3]の回収を図る点に特徴があるためである。,通常,販売,資金,棚卸資産の場合には、通常、販売によってのみ資金の回収を図る点に特徴があるためである。,棚卸資産の評価において、正味売却価額との比較により収益性の低下を判断する理由は何か？,5
11503,穴埋め,棚卸資産会計,棚卸資産基準,棚卸資産の評価における「時価」,時価とは、[1]な評[2]を言い、[3]に基づく[2]をいう。[3]が観察できない場合には合理的に算定された[2]を[1]な評[2]とする。,公正,価額,市場価格,時価とは、公正な評価額を言い、市場価格に基づく価額をいう。市場価格が観察できない場合には合理的に算定された価額を公正な評価額とする。,棚卸資産の評価における「時価」とは何か？,5
11504,穴埋め,棚卸資産会計,棚卸資産基準,棚卸資産の評価における「再調達原価」,再調達原価とは、[1]の[2]に[3]に付随する費用を加算したものをいう。,購買市場,時価,購入,再調達原価とは、購買市場の時価に購入に付随する費用を加算したものをいう。,棚卸資産の評価における「再調達原価」とは何か？,5
11505,穴埋め,棚卸資産会計,棚卸資産基準,トレーディング目的で保有する棚卸資産の評価及び評価差額の処理,トレーディング目的で保有する棚卸資産については、時価を持って[1]価額とし、[2]との差額は[3]として処理する,貸借対照表,帳簿価額,当期の損益,トレーディング目的で保有する棚卸資産については、時価を持って貸借対照表価額とし、帳簿価額との差額は当期の損益として処理する,トレーディング目的で保有する棚卸資産の評価及び評価差額の処理はどのように行うか？,5
11506,穴埋め,棚卸資産会計,棚卸資産基準,トレーディング目的で保有する棚卸資産を時価評価する理由,トレーディング目的で保有する棚卸資産については投資者にとっての有用な情報は棚卸資産の[1]の[2]に求められると考えられることから、時価を持って[3]価額とする。,期末時点,市場価格,貸借対照表,トレーディング目的で保有する棚卸資産については投資者にとっての有用な情報は棚卸資産の期末時点の市場価格に求められると考えられることから、時価を持って貸借対照表価額とする。,トレーディング目的で保有する棚卸資産を時価評価する理由は何か？,5
11507,穴埋め,棚卸資産会計,棚卸資産基準,トレーディング目的の棚卸資産の評価差額を当期の損益とする理由,トレーディング目的で保有する棚卸資産は、売買・換金に対して[1]等の制約がなく、[2]の変動に当たる評価差額が企業にとっての[3]の成果と考えられることから、その評価差額は当期の損益として処理する。,事業遂行上,市場価格,投資活動,トレーディング目的で保有する棚卸資産は、売買・換金に対して事業遂行上等の制約がなく、市場価格の変動に当たる評価差額が企業にとっての投資活動の成果と考えられることから、その評価差額は当期の損益として処理する。,トレーディング目的の棚卸資産の評価差額を当期の損益とする理由は何か？,5
11601,穴埋め,概念フレームワーク,概念フレームワーク（財務報告の目的）,概念フレームワークにおける「純資産」の定義,純資産とは、資産と負債の[1]をいう。,差額,,,純資産とは、資産と負債の差額をいう。,概念フレームワークにおける「純資産」の定義は何か？,5
11602,穴埋め,概念フレームワーク,概念フレームワーク（財務報告の目的）,概念フレームワークにおける「株主資本」の定義,株主資本とは[1]のうち[2]の[3]である株主に帰属する部分をいう。,純資産,報告主体,所有者,株主資本とは純資産のうち報告主体の所有者である株主に帰属する部分をいう。,概念フレームワークにおける「株主資本」の定義は何か？,5
11603,穴埋め,概念フレームワーク,概念フレームワーク（財務報告の目的）,自己創設のれんが財務諸表の構成要素として計上されない理由,自己創設のれんの計上は、経営者による[1]の[2]・[3]を意味するものであり、投資家が自己の責任において投資を行うのに必要な情報を提供するという。財務報告の目的に反すると考えられるためである。,企業価値,自己評価,自己申告,自己創設のれんの計上は、経営者による企業価値の自己評価・自己申告を意味するものであり、投資家が自己の責任において投資を行うのに必要な情報を提供するという。財務報告の目的に反すると考えられるためである。,自己創設のれんが財務諸表の構成要素として計上されない理由は何か？,5
11604,穴埋め,概念フレームワーク,概念フレームワーク（財務報告の目的）,繰延資産などが「資産の定義」に該当するか否かが問題となる場合があるが、そ,繰延資産は、収益と費用の[1]という考え方に基づいて[2]の一部を繰延べた物であるが、基本的には将来においてキャッシュを獲得しうる[3]があると考えられるため、資産に該当することになる。,対応,発生費用,可能性,"繰延資産は、収益と費用の対応という考え方に基づいて発生費用の一部を繰延べた物であるが、基本的には将来においてキャッシュを獲得しうる可能性があると考えられるため、資産に該当することになる。
",繰延資産などが「資産の定義」に該当するか否かが問題となる場合があるが、その理由は何か？,5
11605,穴埋め,概念フレームワーク,概念フレームワーク（財務報告の目的）,「投資のリスクからの解放」とはどのような概念か？,リスクからの解放とは、投資に当たって解放された[1]が事実として[2]することをいう。,成果,確定,,リスクからの解放とは、投資に当たって解放された成果が事実として確定することをいう。,「投資のリスクからの解放」とはどのような概念か？,5
11606,穴埋め,概念フレームワーク,概念フレームワーク（財務報告の目的）,事業投資の定義,事業投資は、[1]することに[2]の[3]があり、企業が事業の遂行を通じて成果を得ることを目的とした投資である。,売却,事業遂行上,制約,事業投資は、売却することに事業遂行上の制約があり、企業が事業の遂行を通じて成果を得ることを目的とした投資である。,事業投資の定義は何か？,5
11607,穴埋め,概念フレームワーク,概念フレームワーク（財務報告の目的）,「金融投資」,金融投資は、[1]することに[2]の制約がなく、[3]の変動によって利益を獲得することを目的とした投資である。,売却,事業遂行上,公正価値,金融投資は、売却することに事業遂行上の制約がなく、公正価値の変動によって利益を獲得することを目的とした投資である。,「金融投資」とは何か？,5
11608,穴埋め,概念フレームワーク,概念フレームワーク（財務報告の目的）,概念フレームワークにおける「純利益」の定義,純利益とは、[1]の期末までに生じた[2]の変動額のうち、その期間中にリスクから解放された投資の成果であって、[3]の所有者に帰属する部分を言う。,特定期間,純資産,報告主体,純利益とは、特定期間の期末までに生じた純資産の変動額のうち、その期間中にリスクから解放された投資の成果であって、報告主体の所有者に帰属する部分を言う。,概念フレームワークにおける「純利益」の定義は何か？,5
11609,穴埋め,概念フレームワーク,概念フレームワーク（財務報告の目的）,概念フレームワークにおける「収益」の定義,収益とは、[1]を[2]させる項目であり、[3]の期末までに生じた資産の[2]や負債の減少に見合う額のうち、投資のリスクから解放された部分である。,純利益,増加,特定期間,収益とは、純利益を増加させる項目であり、特定期間の期末までに生じた資産の増加や負債の減少に見合う額のうち、投資のリスクから解放された部分である。,概念フレームワークにおける「収益」の定義は何か？,5
11610,穴埋め,概念フレームワーク,概念フレームワーク（財務報告の目的）,概念フレームワークにおける「費用」の定義,費用とは、[1]を[2]される項目であ。、[3]の期末までに生じた資産の[2]や負債の増加に見合う額のうち、投資のリスクから解放された部分である。,純利益,減少,特定期間,費用とは、純利益を減少される項目であ。、特定期間の期末までに生じた資産の減少や負債の増加に見合う額のうち、投資のリスクから解放された部分である。,概念フレームワークにおける「費用」の定義は何か？,5
11611,穴埋め,概念フレームワーク,概念フレームワーク（財務報告の目的）,財務報告の目的,財務報告はさまざまな役割を果たしているが、ここでは、その目的が、投資家による[1]の予測と[2]の評価に役立つような、企業の[3]の開示にあると考える。自己の責任で将来を予測し、投資の判断をする人々のために、企業の投資のポジション(ストック)とその成果(フロー)が開示されると見るのである。,企業成果,企業価値,財務状況,財務報告はさまざまな役割を果たしているが、ここでは、その目的が、投資家による企業成果の予測と企業価値の評価に役立つような、企業の財務状況の開示にあると考える。自己の責任で将来を予測し、投資の判断をする人々のために、企業の投資のポジション(ストック)とその成果(フロー)が開示されると見るのである。,財務報告の目的とは何か？,5
11612,穴埋め,概念フレームワーク,概念フレームワーク（収益費用アプローチ・資産負債アプローチ）,概念フレームワークにおける「資産」の定義,資産とは、[1]の取引または事象の結果として、[2]が支配している[3]をいう。,過去,報告主体,経済的資源,資産とは、過去の取引または事象の結果として、報告主体が支配している経済的資源をいう。,概念フレームワークにおける「資産」の定義は何か？,5
11613,穴埋め,概念フレームワーク,概念フレームワーク（収益費用アプローチ・資産負債アプローチ）,概念フレームワークにおける「負債」の定義,負債とは、過去の[1]は事象の結果として[2]が支配している[3]を放棄もしくは引き渡す義務、またはその同等物をいう。,取引又,報告主体,経済的資源,負債とは、過去の取引又は事象の結果として報告主体が支配している経済的資源を放棄もしくは引き渡す義務、またはその同等物をいう。,概念フレームワークにおける「負債」の定義は何か？,5
11614,穴埋め,概念フレームワーク,概念フレームワーク（収益費用アプローチ・資産負債アプローチ）,割引現価主義,割引現価主義とは、[1]は負債から生じる各期間の将来キャッシュフローを一定の割引率で割り引いた[2]の総和をもって資産又は負債の評価額とする[3]である。,当該資産又,現在価値,会計思考,割引現価主義とは、当該資産又は負債から生じる各期間の将来キャッシュフローを一定の割引率で割り引いた現在価値の総和をもって資産又は負債の評価額とする会計思考である。,割引現価主義とは何か？,5
11615,穴埋め,概念フレームワーク,概念フレームワーク（収益費用アプローチ・資産負債アプローチ）,割引現価主義（現在価値基準）が採用される論拠,資産を[1]、負債を[1]を放棄もしくは引き渡す義務またはその同等物とみる資産・[2]に立てば、[3]・負債から生じるであろうキャッシュフローを現在価値に割り引いた額を持って評価することで、資産・負債の本質と評価が会計理論的に一貫したものとなると考えられるためである。,経済的資源,負債概念,当該資産,資産を経済的資源、負債を経済的資源を放棄もしくは引き渡す義務またはその同等物とみる資産・負債概念に立てば、当該資産・負債から生じるであろうキャッシュフローを現在価値に割り引いた額を持って評価することで、資産・負債の本質と評価が会計理論的に一貫したものとなると考えられるためである。,割引現価主義（現在価値基準）が採用される論拠は何か？,5
11616,穴埋め,概念フレームワーク,概念フレームワーク（収益費用アプローチ・資産負債アプローチ）,収益費用アプローチにおける会計の目的と会計の重点,収益費用アプローチとは、企業の[1]を明らかにするため、収益・費用を[2]する思考であり、企業の[3]を重点とするものである。,収益力,重視,損益計算,収益費用アプローチとは、企業の収益力を明らかにするため、収益・費用を重視する思考であり、企業の損益計算を重点とするものである。,収益費用アプローチにおける会計の目的と会計の重点は何か？,5
11617,穴埋め,概念フレームワーク,概念フレームワーク（収益費用アプローチ・資産負債アプローチ）,資産負債アプローチにおける会計の目的と会計の重点,資産負債アプローチとは、企業の[1]を明らかにするため、資産・負債を[2]する思考であり、企業の[3]を計算の重点とするものである。,価値,重視,純資産計算,資産負債アプローチとは、企業の価値を明らかにするため、資産・負債を重視する思考であり、企業の純資産計算を計算の重点とするものである。,資産負債アプローチにおける会計の目的と会計の重点は何か？,5
11701,穴埋め,リース会計,リース基準,ファイナンス・リース取引,ファイナンスリース取引とは、リース[1]に基づくリース期間の[2]において当該[1]を解除することができないリース取引またはこれに準ずるリース取引で、借り手がリース物件からもたらせる[3]を実質的に享受することができ、かつ、当該リース物件の使用に伴って生じるコストを実質的に負担することとなるリース取引をいう。,契約,中途,経済的利益,ファイナンスリース取引とは、リース契約に基づくリース期間の中途において当該契約を解除することができないリース取引またはこれに準ずるリース取引で、借り手がリース物件からもたらせる経済的利益を実質的に享受することができ、かつ、当該リース物件の使用に伴って生じるコストを実質的に負担することとなるリース取引をいう。,ファイナンス・リース取引とは何か？,5
11702,穴埋め,リース会計,リース基準,ファイナンス・リース取引を売買取引に係る方法に準じて会計処理する理由,ファイナンスリース取引は、リース取引の借り手によるリース物件の[1]は借入資金によるリース物件の[2]と見ることができ、その[3]が売買取引と考えられるため、売買取引に係る方法に準じて会計処理を行う。,割賦購入又,購入取引,経済的実態,ファイナンスリース取引は、リース取引の借り手によるリース物件の割賦購入又は借入資金によるリース物件の購入取引と見ることができ、その経済的実態が売買取引と考えられるため、売買取引に係る方法に準じて会計処理を行う。,ファイナンス・リース取引を売買取引に係る方法に準じて会計処理する理由は何か？,5
11703,穴埋め,リース会計,リース基準,リース資産の取得価額から利息相当額を控除する理由,リース[1]に含まれる利息相当額は、[2]により発生するものであるから、[3]として計上すべきであるためである。,料総額,財務活動,財務費用,リース料総額に含まれる利息相当額は、財務活動により発生するものであるから、財務費用として計上すべきであるためである。,リース資産の取得価額から利息相当額を控除する理由は何か？,5
11704,穴埋め,リース会計,リース基準,オペレーティング・リース取引,オペレーティング・リース取引とは、ファイナンスリース[1]のリース取引をいう。,取引以外,,,オペレーティング・リース取引とは、ファイナンスリース取引以外のリース取引をいう。,オペレーティング・リース取引とは何か？,5
11705,穴埋め,リース会計,リース基準,所有権移転ファイナンス・リース取引に係るリース資産の減価償却,[1]ファイナンスリース取引については、リース物件の取得とは異なり、リース物件を使用できる期間がリース期間に限定されるという特徴があるため原則として、リース資産の[2]はリース期間とし、[3]はゼロとしている。,所有権移転外,償却期間,残存価額,所有権移転外ファイナンスリース取引については、リース物件の取得とは異なり、リース物件を使用できる期間がリース期間に限定されるという特徴があるため原則として、リース資産の償却期間はリース期間とし、残存価額はゼロとしている。,所有権移転ファイナンス・リース取引に係るリース資産の減価償却はどのように行うか？,5
11801,穴埋め,四半期財務諸表,四半期財務諸表基準,四半期財務諸表の特徴（年度財務諸表との違い）,四半期財務諸表は、[1]的な[2]によることが認められている。これは四半期財務諸表が年度の財務諸表よりも開示の[3]が求められているためである。,簡便,会計処理,迅速性,四半期財務諸表は、簡便的な会計処理によることが認められている。これは四半期財務諸表が年度の財務諸表よりも開示の迅速性が求められているためである。,四半期財務諸表の特徴（年度財務諸表との違い）は何か？,1
11802,穴埋め,四半期財務諸表,四半期財務諸表基準,四半期財務諸表における「実績主義」,四半期会計期間を年度と並ぶ一会計期間とみた上で、四半期財務諸表を、原則として年度の財務諸表と同じ[1]を適用して作成することにより、当該四半期会計期間に係る企業集団又は企業の[2]、[3]及びキャッシュフローの状況に関する情報を提供するという考え方である。,会計方針,財政状態,経営成績,四半期会計期間を年度と並ぶ一会計期間とみた上で、四半期財務諸表を、原則として年度の財務諸表と同じ会計方針を適用して作成することにより、当該四半期会計期間に係る企業集団又は企業の財政状態、経営成績及びキャッシュフローの状況に関する情報を提供するという考え方である。,四半期財務諸表における「実績主義」とは何か？,2
11803,穴埋め,四半期財務諸表,四半期財務諸表基準,四半期財務諸表における「予測主義」,[1]を年度の[2]と位置付けて、四半期財務諸表を、年度の財務諸表と部分的に異なる会計方針を適用して作成することにより、当該[1]を含む年度の業績予測に資する情報を提供するという考え方である。,四半期会計期間,一構成部分,当該四半期会計,四半期会計期間を年度の一構成部分と位置付けて、四半期財務諸表を、年度の財務諸表と部分的に異なる会計方針を適用して作成することにより、当該四半期会計期間を含む年度の業績予測に資する情報を提供するという考え方である。,四半期財務諸表における「予測主義」とは何か？,2
11901,穴埋め,資産除去債務,資産除去債務基準,資産除去債務について「資産負債の両建て処理」を採用する理由,資産負債の両建て処理とは、資産除去債務の全額を負債として計上するとともに、これに対応する除去費用を[1]の[2]に含めることで、当該除去費用が当該[1]の使用に応じて各期間に費用配分されるため、資産負債の両建て処理は引当金処理を包摂するものといえる。,有形固定資産,取得原価,当該有形固定資,資産負債の両建て処理とは、資産除去債務の全額を負債として計上するとともに、これに対応する除去費用を有形固定資産の取得原価に含めることで、当該除去費用が当該有形固定資産の使用に応じて各期間に費用配分されるため、資産負債の両建て処理は引当金処理を包摂するものといえる。,資産除去債務について「資産負債の両建て処理」を採用する理由は何か？,5
11902,穴埋め,資産除去債務,資産除去債務基準,資産除去債務に対応する除去費用の資産計上と費用配分,[1]の取得に付随して生じる除去費用を[2]の[3]に含めることは、[2]への投資について回収すべき額を引き上げることを意味する。すなわち、[1]の除去時に不可避的に生じる支出額を付随費用と同様に[3]に加えた上で費用配分を行い、さらに資産効率の観点からも有用と考えられる情報を提供するものである。,有形固定資産,当該資産,取得原価,有形固定資産の取得に付随して生じる除去費用を当該資産の取得原価に含めることは、当該資産への投資について回収すべき額を引き上げることを意味する。すなわち、有形固定資産の除去時に不可避的に生じる支出額を付随費用と同様に取得原価に加えた上で費用配分を行い、さらに資産効率の観点からも有用と考えられる情報を提供するものである。,資産除去債務に対応する除去費用の資産計上と費用配分はどのように行うか？,5
11903,穴埋め,資産除去債務,資産除去債務基準,資産除去債務に対応する除去費用を「別の資産」として独立して計上しない理由,"資産除去債務に対応する除去費用は、以下の理由から、資産除去債務に関連する有形固定資産とは区別して把握し、別の資産として計上する方法は採用していない。
1[1]の権利ではなく[2]もないこと
2独立して[3]に貢献するものではないこと",法律上,財産的価値,収益獲得,"資産除去債務に対応する除去費用は、以下の理由から、資産除去債務に関連する有形固定資産とは区別して把握し、別の資産として計上する方法は採用していない。
1法律上の権利ではなく財産的価値もないこと
2独立して収益獲得に貢献するものではないこと",資産除去債務に対応する除去費用を「別の資産」として独立して計上しない理由は何か？,5
11904,穴埋め,資産除去債務,資産除去債務基準,資産除去債務の「資産負債の両建て処理」,資産負債の両建て処理とは、資産除去債務の[1]を負債として計上し、同額を[2]の[3]に反映させる会計処理である。,全額,有形固定資産,取得原価,資産負債の両建て処理とは、資産除去債務の全額を負債として計上し、同額を有形固定資産の取得原価に反映させる会計処理である。,資産除去債務の「資産負債の両建て処理」とは何か？,5
11905,穴埋め,資産除去債務,資産除去債務基準,資産除去債務の「引当金処理」,引当金処理とは、[1]の除去にかかる用役の費消を、当該[1]の使用に応じて各期間に[3]し、それに対応する金額を負債として認識する会計処理である。,有形固定資産,当該有形固定資,費用配分,引当金処理とは、有形固定資産の除去にかかる用役の費消を、当該有形固定資産の使用に応じて各期間に費用配分し、それに対応する金額を負債として認識する会計処理である。,資産除去債務の「引当金処理」とは何か？,5
11906,穴埋め,資産除去債務,資産除去債務基準,資産除去債務,資産除去債務とは、[1]の取得、建設、[2]は通常の使用によって生じ、当該[1]の除去に関して法令又は契約で要求される法律上の義務及びそれに準ずるものをいう。,有形固定資産,開発又,当該有形固定資,資産除去債務とは、有形固定資産の取得、建設、開発又は通常の使用によって生じ、当該有形固定資産の除去に関して法令又は契約で要求される法律上の義務及びそれに準ずるものをいう。,資産除去債務とは何か？,5
12001,穴埋め,会計上の変更等,会計上の変更等基準,会計方針の変更時に遡及適用が求められる根拠・理由,会計方針の変更を行なった場合に過去の[1]に対して新しい会計方針を遡及適用することにより、[1]全般についての[2]が高まるものと考えられ、また、情報の[3]が高まることが期待されるためである。,財務諸表,比較可能性,有用性,会計方針の変更を行なった場合に過去の財務諸表に対して新しい会計方針を遡及適用することにより、財務諸表全般についての比較可能性が高まるものと考えられ、また、情報の有用性が高まることが期待されるためである。,会計方針の変更時に遡及適用が求められる根拠・理由は何か？,5
12002,穴埋め,会計上の変更等,会計上の変更等基準,表示方法の変更時に財務諸表の組替えを行う根拠・理由,表示方法の変更を行った場合に[1]の財務諸表の組み替えを行うことにより、財務諸表全般についての[2]が高まるものと考えられ、また、情報の[3]が高まることが期待されるためである。,過去,比較可能性,有用性,表示方法の変更を行った場合に過去の財務諸表の組み替えを行うことにより、財務諸表全般についての比較可能性が高まるものと考えられ、また、情報の有用性が高まることが期待されるためである。,表示方法の変更時に財務諸表の組替えを行う根拠・理由は何か？,5
12003,穴埋め,会計上の変更等,会計上の変更等基準,会計方針の変更の分類,"会計方針は、[1]な理由により変更を行う場合を除き、[2]して適用する。
[1]な理由により変更を行う場合は、次のいずれかに分類される。
1[3]等の改正に伴う会計方針の変更
2 [3]等の改正に伴う会計方針の変更以外の[1]な理由による会計方針の変更",正当,毎期継続,会計基準,"会計方針は、正当な理由により変更を行う場合を除き、毎期継続して適用する。
正当な理由により変更を行う場合は、次のいずれかに分類される。
1会計基準等の改正に伴う会計方針の変更
2 会計基準等の改正に伴う会計方針の変更以外の正当な理由による会計方針の変更",会計方針の変更の分類はどのようなものか？,5
12004,穴埋め,会計上の変更等,会計上の変更等基準,会計上の見積もりの変更の影響を過去に遡及せず、将来に向けてのみ認識する根拠,会計上の見積の変更は、新しい情報によってもたらされるものであるとの認識から過去に遡って処理せず、その影響は将来に向けて認識するという考え方がとられているためである。,,,,会計上の見積の変更は、新しい情報によってもたらされるものであるとの認識から過去に遡って処理せず、その影響は将来に向けて認識するという考え方がとられているためである。,会計上の見積もりの変更の影響を過去に遡及せず、将来に向けてのみ認識する根拠は何か？,5
12005,穴埋め,会計上の変更等,会計上の変更等基準,過去の誤謬について修正再表示を行う根拠・理由,誤謬を修正再表示する考え方を[1]することは、[2]が[3]な情報を開示するという観点からも有用なためである。,導入,期間比較,可能,誤謬を修正再表示する考え方を導入することは、期間比較が可能な情報を開示するという観点からも有用なためである。,過去の誤謬について修正再表示を行う根拠・理由は何か？,5
12006,穴埋め,会計上の変更等,会計上の変更等基準,「会計方針の変更」,"会計方針とは、[1]の作成にあたって採用した[2]の原則及び手続をいう。
また、会計方針の変更とは、従来採用していた一般に[3]と認められた会計方針から他の一般に[3]と認められた会計方針に変更することをいう。",財務諸表,会計処理,公正妥当,"会計方針とは、財務諸表の作成にあたって採用した会計処理の原則及び手続をいう。
また、会計方針の変更とは、従来採用していた一般に公正妥当と認められた会計方針から他の一般に公正妥当と認められた会計方針に変更することをいう。",「会計方針の変更」とは何か？,5
12007,穴埋め,会計上の変更等,会計上の変更等基準,「表示方法の変更」,表示方法とは、[1]の作成にあたって採用した表示方法をいい、[1]の科目の分類、科目配列及び[2]が含まれる。また表示方法の変更とは従来採用していた一般に[3]と認められた表示方法から他の一般に[3]と認められた表示方法に変更することをいう。,財務諸表,報告様式,公正妥当,表示方法とは、財務諸表の作成にあたって採用した表示方法をいい、財務諸表の科目の分類、科目配列及び報告様式が含まれる。また表示方法の変更とは従来採用していた一般に公正妥当と認められた表示方法から他の一般に公正妥当と認められた表示方法に変更することをいう。,「表示方法の変更」とは何か？,5
12008,穴埋め,会計上の変更等,会計上の変更等基準,「会計上の見積もりの変更」,会計上の見積もりとは、資産及び負債や収益及び費用等の額に[1]がある場合において、[2]に[3]な情報に基づいて、その合理的な金額を算出することをいう。また、会計上の見積変更とは、新たに[3]となった情報に基づいて、過去に財務諸表を作成する際に行った会計上の見積もりを変更することをいう。,不確実性,財務諸表作成時,入手可能,会計上の見積もりとは、資産及び負債や収益及び費用等の額に不確実性がある場合において、財務諸表作成時に入手可能な情報に基づいて、その合理的な金額を算出することをいう。また、会計上の見積変更とは、新たに入手可能となった情報に基づいて、過去に財務諸表を作成する際に行った会計上の見積もりを変更することをいう。,「会計上の見積もりの変更」とは何か？,5
12009,穴埋め,会計上の変更等,会計上の変更等基準,「過去の誤謬」,"誤謬とは、原因となる行為が意図的であるか否かにかかわらず、[1]に入手可能な情報を使用しなかったことによる、又は誤用したことによる、次のような誤りを言う。
1財務諸表の基礎となるデータの収集又は処理上の誤り
2事実の見落としや誤解から生じる会計上の見積もりの誤り
3[2]の適用の誤り又は[3]の誤り",財務諸表作成時,会計方針,表示方法,"誤謬とは、原因となる行為が意図的であるか否かにかかわらず、財務諸表作成時に入手可能な情報を使用しなかったことによる、又は誤用したことによる、次のような誤りを言う。
1財務諸表の基礎となるデータの収集又は処理上の誤り
2事実の見落としや誤解から生じる会計上の見積もりの誤り
3会計方針の適用の誤り又は表示方法の誤り",「過去の誤謬」とは何か？,5
12101,穴埋め,純資産・包括利益,包括利益表示基準,包括利益,包括利益とは、ある企業の[1]の[2]において認識されて純資産の変動額のうち、当該企業の純資産に対する[3]との直接的な取引によらない部分を言う。,特定期間,財務諸表,持分所有者,包括利益とは、ある企業の特定期間の財務諸表において認識されて純資産の変動額のうち、当該企業の純資産に対する持分所有者との直接的な取引によらない部分を言う。,包括利益とは何か？,5
12102,穴埋め,純資産・包括利益,包括利益表示基準,その他の包括利益,その他の包括利益とは、包括利益のうち[1]に含まれない[2]をいう。,当期純利益,部分,,その他の包括利益とは、包括利益のうち当期純利益に含まれない部分をいう。,その他の包括利益とは何か？,5
12103,穴埋め,純資産・包括利益,包括利益表示基準,包括利益を表示する目的,包括利益を表示する目的は、[1]に認識された取引及び[2]により生じた[3]の変動を報告することにある。,期中,経済的事象,純資産,包括利益を表示する目的は、期中に認識された取引及び経済的事象により生じた純資産の変動を報告することにある。,包括利益を表示する目的は何か？,4
12201,穴埋め,収益認識,収益認識に関する会計基準,収益認識基準が導入された背景・理由,我が国において収益認識に関する包括的な会計基準が開発されていなかったこと、及び国際的な会計基準（IFRS第15号）との[1]を図り、[2]の[3]を向上させるためである。,コンバージェンス,財務諸表間,比較可能性,我が国において収益認識に関する包括的な会計基準が開発されていなかったこと、及び国際的な会計基準（IFRS第15号）とのコンバージェンスを図り、財務諸表間の比較可能性を向上させるためである。,収益認識基準が導入された背景・理由は何か？,5
12202,穴埋め,収益認識,収益認識に関する会計基準,収益認識に関する会計基準における「収益認識の5ステップ」,1.[1]との契約を識別する、2.契約における[2]を識別する、3.[3]を算定する、4.契約における[2]に[3]を配分する、5.[2]を充足した時に又は充足するにつれて収益を認識する。,顧客,履行義務,取引価格,1.顧客との契約を識別する、2.契約における履行義務を識別する、3.取引価格を算定する、4.契約における履行義務に取引価格を配分する、5.履行義務を充足した時に又は充足するにつれて収益を認識する。,収益認識に関する会計基準における「収益認識の5ステップ」とは何か？,5
12203,穴埋め,収益認識,収益認識に関する会計基準,収益認識に関する会計基準における「収益認識の基本となる原則」,[1]した[2]はサービスの[3]への移転を、当該[2]はサービスと交換に企業が権利を得ると見込む対価の額で描写するように、収益を認識することである。,約束,財又,顧客,約束した財又はサービスの顧客への移転を、当該財又はサービスと交換に企業が権利を得ると見込む対価の額で描写するように、収益を認識することである。,収益認識に関する会計基準における「収益認識の基本となる原則」とは何か？,5
12204,穴埋め,収益認識,収益認識に関する会計基準,「履行義務」,[1]との[2]において、[1]に財又はサービスを移転する[3]の約束をいう。,顧客,契約,企業側,顧客との契約において、顧客に財又はサービスを移転する企業側の約束をいう。,「履行義務」とは何か？,5
12301,穴埋め,時価算定,時価の算定に関する会計基準,時価の算定に関する会計基準における「時価」の定義,算定日において[1]間で秩序ある取引が行われると仮定した場合の、[2]において資産の売却によって受け取る[3]は負債の移転のために支払う価格をいう。,市場参加者,当該取引,価格又,算定日において市場参加者間で秩序ある取引が行われると仮定した場合の、当該取引において資産の売却によって受け取る価格又は負債の移転のために支払う価格をいう。,時価の算定に関する会計基準における「時価」の定義は何か？,5
12302,穴埋め,時価算定,時価の算定に関する会計基準,時価の算定に関する会計基準が設定された理由,国際的な会計基準（IFRS第13号）との[1]を図り、時価の算定方法を統一して[2]の[3]を向上させるためである。,コンバージェンス,財務諸表,比較可能性,国際的な会計基準（IFRS第13号）とのコンバージェンスを図り、時価の算定方法を統一して財務諸表の比較可能性を向上させるためである。,時価の算定に関する会計基準が設定された理由は何か？,5
12401,穴埋め,リース会計,リースに関する会計基準（新基準）,新リース基準（第34号）において、借手のすべてのリースが資産・負債に計上（オンバランス化）される理由,リース取引により生じる資産の使用権とそれに対する[1]を財務諸表に計上することで、企業の[2]及び将来のキャッシュ・フロー予測に資するより有用な情報を提供し、また国際的な会計基準（IFRS第16号）との[3]を確保するためである。,支払義務,財政状態,比較可能性,リース取引により生じる資産の使用権とそれに対する支払義務を財務諸表に計上することで、企業の財政状態及び将来のキャッシュ・フロー予測に資するより有用な情報を提供し、また国際的な会計基準（IFRS第16号）との比較可能性を確保するためである。,新リース基準（第34号）において、借手のすべてのリースが資産・負債に計上（オンバランス化）される理由は何か？,5
12402,穴埋め,リース会計,リースに関する会計基準（新基準）,新リース基準における「使用権資産」,[1]がリース期間にわたり[2]を使用する[3]をいう。,借手,原資産,権利,借手がリース期間にわたり原資産を使用する権利をいう。,新リース基準における「使用権資産」とは何か？,5
12403,穴埋め,リース会計,リースに関する会計基準（新基準）,新リース基準において、借手のオペレーティング・リース取引の会計処理はどのように変更されたか？,従来の[1]（オフバランス）から、原則としてすべてのリースについて[2]及びリース負債を計上する処理（[3]）に変更された。,賃貸借処理,使用権資産,オンバランス,従来の賃貸借処理（オフバランス）から、原則としてすべてのリースについて使用権資産及びリース負債を計上する処理（オンバランス）に変更された。,新リース基準において、借手のオペレーティング・リース取引の会計処理はどのように変更されたか？,5
20101,記述,一般原則,企業会計原則（真実性の原則）,真実性の原則,企業会計は、企業の[1]及び[2]に関して、[3]を提供するものでなければならない。,財政状態,経営成績,真実な報告,企業会計は、企業の財政状態及び経営成績に関して、真実な報告を提供するものでなければならない。,真実性の原則はどのようなことを要請しているか？,5
20102,記述,一般原則,企業会計原則（正規の簿記の原則）,正規の簿記の原則,企業会計は、すべての取引につき、正規の簿記の原則に従って、[1]な[2]を作成しなければならない。,正確,会計帳簿,,企業会計は、すべての取引につき、正規の簿記の原則に従って、正確な会計帳簿を作成しなければならない。,正規の簿記の原則はどのようなことを要請しているか？,5
20103,記述,一般原則,企業会計原則（資本利益区別の原則）,資本取引・損益取引区別の原則,資本取引と損益取引とを[1]に区別し、特に[2]と[3]とを混同してはならない。,明瞭,資本剰余金,利益剰余金,資本取引と損益取引とを明瞭に区別し、特に資本剰余金と利益剰余金とを混同してはならない。,資本取引・損益取引区別の原則とは何か？,5
20104,記述,一般原則,企業会計原則（明瞭性の原則）,明瞭性の原則,企業会計は、[1]によって、[2]に対し必要な会計事実を[3]し、企業の状況に関する判断を誤らせないようにしなければならない。,財務諸表,利害関係者,明瞭に表示,企業会計は、財務諸表によって、利害関係者に対し必要な会計事実を明瞭に表示し、企業の状況に関する判断を誤らせないようにしなければならない。,明瞭性の原則はどのようなことを要請しているか？,4
20105,記述,一般原則,企業会計原則（継続性の原則）,継続性の原則の必要性,企業が選択した会計処理の原則及び手続を[1]して適用しないときは、同一の会計事実について異なる利益額が算出されることになり、財務諸表の[2]を困難ならしめ、この結果、企業の財務内容に関する[3]の判断を誤らせることになるからである。,毎期継続,期間比較,利害関係者,企業が選択した会計処理の原則及び手続を毎期継続して適用しないときは、同一の会計事実について異なる利益額が算出されることになり、財務諸表の期間比較を困難ならしめ、この結果、企業の財務内容に関する利害関係者の判断を誤らせることになるからである。,継続性の原則の必要性は何か？,5
20106,記述,一般原則,企業会計原則（継続性の原則）,継続性の原則,企業会計は、その処理の原則及び[1]を[2]して[3]し、みだりにこれを変更してはならない。,手続,毎期継続,適用,企業会計は、その処理の原則及び手続を毎期継続して適用し、みだりにこれを変更してはならない。,継続性の原則はどのようなことを要請しているか？,5
20107,記述,一般原則,企業会計原則（保守主義の原則）,保守主義の原則,企業の[1]に不利な影響を及ぼす[2]がある場合には、これに備えて適当に健全な[3]をしなければならない。,財政,可能性,会計処理,企業の財政に不利な影響を及ぼす可能性がある場合には、これに備えて適当に健全な会計処理をしなければならない。,保守主義の原則はどのようなことを要請しているか？,4
20108,記述,一般原則,企業会計原則（単一性の原則）,単一性の原則,[1]のため、信用目的のため、租税目的のため等種々の目的のために異なる形式の[2]を作成する必要がある場合、それらの内容は、信頼しうる[3]に基づいて作成されたものであって、政策の考慮のために事実の真実な表示をゆがめてはならない。,株主総会提出,財務諸表,会計記録,株主総会提出のため、信用目的のため、租税目的のため等種々の目的のために異なる形式の財務諸表を作成する必要がある場合、それらの内容は、信頼しうる会計記録に基づいて作成されたものであって、政策の考慮のために事実の真実な表示をゆがめてはならない。,単一性の原則はどのようなことを要請しているか？,4
20109,記述,一般原則,企業会計原則（重要性の原則）,重要性の原則,[1]が目的とするところは、企業の財務内容を明らかにし、企業の状況に関する[2]の判断を誤らせないようにすることにあるから、重要性の乏しいものについては、本来の厳密な会計処理によらないで他の簡便な方法によることも、[3]の原則に従った処理として認められる。,企業会計,利害関係者,正規の簿記,企業会計が目的とするところは、企業の財務内容を明らかにし、企業の状況に関する利害関係者の判断を誤らせないようにすることにあるから、重要性の乏しいものについては、本来の厳密な会計処理によらないで他の簡便な方法によることも、正規の簿記の原則に従った処理として認められる。,重要性の原則はどのようなことを要請しているか？,4
20110,記述,一般原則,企業会計原則（損益計算書原則）,純粋な発生主義会計,"発生主義会計とは、発生主義の原則に基づいて収益・費用を[1]し、両者の差額として利益を計算する[2]をいう。
ここに発生主義の原則とは[3]の増減に基づいて収益・費用を[1]する原則をいう。",認識,会計体系,経済価値,"発生主義会計とは、発生主義の原則に基づいて収益・費用を認識し、両者の差額として利益を計算する会計体系をいう。
ここに発生主義の原則とは経済価値の増減に基づいて収益・費用を認識する原則をいう。",純粋な発生主義会計とは何か？,5
20111,記述,一般原則,企業会計原則（損益計算書原則）,損益計算書において総額主義の原則が採用される理由,[1]となった取引の[2]を[3]することにより、企業の経営活動の状況を明らかにするものである。,利益源泉,量的規模,明瞭に表示,利益源泉となった取引の量的規模を明瞭に表示することにより、企業の経営活動の状況を明らかにするものである。,損益計算書において総額主義の原則が採用される理由は何か？,4
20112,記述,一般原則,企業会計原則（損益計算書原則）,損益計算書の本質（性格）,損益計算書は、企業の[1]を明らかにするため、[2]に属するすべての収益とこれに対応するすべての費用とを記載して経常利益を表示し、これに特別損益に属する項目を加減して[3]を表示しなければならない。,経営成績,一会計期間,当期純利益,損益計算書は、企業の経営成績を明らかにするため、一会計期間に属するすべての収益とこれに対応するすべての費用とを記載して経常利益を表示し、これに特別損益に属する項目を加減して当期純利益を表示しなければならない。,損益計算書の本質（性格）とは何か？,5
20113,記述,一般原則,企業会計原則（損益計算書原則）,総額主義の原則,費用及び収益は、総額によって[1]することを原則とし、費用の項目と収益の項目とを直接に相殺することによってその[2]は一部を[3]から除去してはならない。,記載,全部又,損益計算書,費用及び収益は、総額によって記載することを原則とし、費用の項目と収益の項目とを直接に相殺することによってその全部又は一部を損益計算書から除去してはならない。,総額主義の原則とは何か？,5
20114,記述,一般原則,企業会計原則（損益計算書原則）,区分表示の原則,費用及び収益は、その[1]に従って明瞭に分類し、[2]とそれに関連する費用項目とを[3]にこれに対応表示しなければならない。,発生源泉,各収益項目,損益計算書,費用及び収益は、その発生源泉に従って明瞭に分類し、各収益項目とそれに関連する費用項目とを損益計算書にこれに対応表示しなければならない。,区分表示の原則とは何か？,5
20115,記述,一般原則,企業会計原則（貸借対照表原則）,原価主義の原則,原価主義の原則とは、[1]をその取得に要した[2]、すなわち[3]に基づいて評価することを指示する資産の評価原則である。,費用性資産,支出額,取得原価,原価主義の原則とは、費用性資産をその取得に要した支出額、すなわち取得原価に基づいて評価することを指示する資産の評価原則である。,原価主義の原則とは何か？,5
20116,記述,一般原則,企業会計原則（貸借対照表原則）,費用配分の原則,費用配分の原則とは、[1]の[2]を[3]に費用として配分していくことを指示する原則をいう。,費用性資産,取得原価,各会計期間,費用配分の原則とは、費用性資産の取得原価を各会計期間に費用として配分していくことを指示する原則をいう。,費用配分の原則とは何か？,5
20117,記述,一般原則,企業会計原則（貸借対照表原則）,費用配分の原則の性格,費用配分の原則は費用の測定原則であるとともに、資産の評価原則でもある。,,,,費用配分の原則は費用の測定原則であるとともに、資産の評価原則でもある。,費用配分の原則の性格とは何か？,5
20118,記述,一般原則,企業会計原則（貸借対照表原則）,貸借対照表の本質（性格）,貸借対照表は、企業の[1]を明らかにするため、貸借対照表日におけるすべての資産、負債及び資本を記載し、株主、[2]その他の[3]にこれを正しく表示するものでなければならない。,財政状態,債権者,利害関係者,貸借対照表は、企業の財政状態を明らかにするため、貸借対照表日におけるすべての資産、負債及び資本を記載し、株主、債権者その他の利害関係者にこれを正しく表示するものでなければならない。,貸借対照表の本質（性格）とは何か？,5
20119,記述,一般原則,企業会計原則（貸借対照表原則）,貸借対照表完全性の原則,貸借対照表完全性の原則は、[1]におけるすべての資産、負債及び資本をもれなく完全に、貸借対照表に[2]すべきことを[3]するものである。,貸借対照表日,記載,要求,貸借対照表完全性の原則は、貸借対照表日におけるすべての資産、負債及び資本をもれなく完全に、貸借対照表に記載すべきことを要求するものである。,貸借対照表完全性の原則とは何か？,5
20201,記述,連結財務諸表,連結財務諸表基準,連結財務諸表を作成する目的,連結財務諸表は、[1]にある2つ以上の企業からなる集団を単一の組織体とみなして、親会社が当該企業集団の[2]、[3]及びキャッシュフローの状況を総合的に報告するために作成するものである。,支配従属関係,財政状態,経営成績,連結財務諸表は、支配従属関係にある2つ以上の企業からなる集団を単一の組織体とみなして、親会社が当該企業集団の財政状態、経営成績及びキャッシュフローの状況を総合的に報告するために作成するものである。,連結財務諸表を作成する目的は何か？,3
20202,記述,連結財務諸表,連結財務諸表基準,支配力基準,支配力基準とは、[1]的な[2]の有無に基づいて[3]の判定を行う基準をいう。,実質,支配関係,子会社,支配力基準とは、実質的な支配関係の有無に基づいて子会社の判定を行う基準をいう。,支配力基準とは何か？,4
20203,記述,連結財務諸表,連結財務諸表基準,連結財務諸表における「基準性」,基準性とは、連結財務諸表は[1]を[2]として作成されなければならないことをいう。,個別財務諸表,基礎,,基準性とは、連結財務諸表は個別財務諸表を基礎として作成されなければならないことをいう。,連結財務諸表における「基準性」とは何か？,4
20204,記述,連結財務諸表,連結財務諸表基準,連結財務諸表における「準拠性」,準拠性とは、基礎とされる[1]は、一般に[2]と認められる[3]の基準に準拠して作成されなければならないことをいう。,個別財務諸表,公正妥当,企業会計,準拠性とは、基礎とされる個別財務諸表は、一般に公正妥当と認められる企業会計の基準に準拠して作成されなければならないことをいう。,連結財務諸表における「準拠性」とは何か？,4
20205,記述,連結財務諸表,連結財務諸表基準,親会社説,親会社説とは、[1]を親会社の[2]のために作成するものと考え、[1]を親会社の財務諸表の[3]に位置づけて、親会社の[2]の持分のみを反映させる考え方である。,連結財務諸表,株主,延長線上,親会社説とは、連結財務諸表を親会社の株主のために作成するものと考え、連結財務諸表を親会社の財務諸表の延長線上に位置づけて、親会社の株主の持分のみを反映させる考え方である。,親会社説とは何か？,4
20206,記述,連結財務諸表,連結財務諸表基準,連結財務諸表における「経済的単一体説」,経済単一体説とは、連結財務諸表を[1]の株主のために作成するものと考え、連結財務諸表を[2]とは区別される[1]の財務諸表と位置づけて、企業集団を構成するすべての[3]の株主の持分を反映させる考え方である。,企業集団全体,親会社,連結会社,経済単一体説とは、連結財務諸表を企業集団全体の株主のために作成するものと考え、連結財務諸表を親会社とは区別される企業集団全体の財務諸表と位置づけて、企業集団を構成するすべての連結会社の株主の持分を反映させる考え方である。,連結財務諸表における「経済的単一体説」とは何か？,4
20207,記述,連結財務諸表,連結財務諸表基準,親会社株主に帰属する当期純利益を内訳表示し、親会社株主に帰属する部分のみを株主資本として表示する理由,親会社株主と[1]とではリスク及びリターンが大きく異なり、親会社株主に係る成果とそれを生み出す原資に関する情報が[2]とさの[3]に有用であると考えられるためである。この取扱いは、親会社株主に帰属する当期純利益と株主資本との連繋にも配慮したものである。,被支配株主,投資家,意思決定,親会社株主と被支配株主とではリスク及びリターンが大きく異なり、親会社株主に係る成果とそれを生み出す原資に関する情報が投資家とさの意思決定に有用であると考えられるためである。この取扱いは、親会社株主に帰属する当期純利益と株主資本との連繋にも配慮したものである。,親会社株主に帰属する当期純利益を内訳表示し、親会社株主に帰属する部分のみを株主資本として表示する理由は何か？,3
20208,記述,連結財務諸表,連結財務諸表基準,持株基準,持株基準とは、[1]が直接・間接に[2]の[3]を所有しているかどうかにより子会社の判定を行う基準をいう。,親会社,議決権,過半数,持株基準とは、親会社が直接・間接に議決権の過半数を所有しているかどうかにより子会社の判定を行う基準をいう。,持株基準とは何か？,4
20209,記述,連結財務諸表,連結財務諸表基準,真実性の原則と,連結財務諸表は、企業集団の[1]、[2]及びキャッシュフローの状況に関して[3]を提供するものでなければならない。,財政状態,経営成績,真実な報告,連結財務諸表は、企業集団の財政状態、経営成績及びキャッシュフローの状況に関して真実な報告を提供するものでなければならない。,真実性の原則とはどのようなものか？,3
20210,記述,連結財務諸表,連結財務諸表基準,基準性の原則,連結財務諸表は、[1]に属する親会社や及び子会社が一般に[2]と認められる企業会計の基準に準拠して作成した[3]を基礎として作成しなければならない。,企業集団,公正妥当,個別財務諸表,連結財務諸表は、企業集団に属する親会社や及び子会社が一般に公正妥当と認められる企業会計の基準に準拠して作成した個別財務諸表を基礎として作成しなければならない。,基準性の原則とは何か？,4
20211,記述,連結財務諸表,連結財務諸表基準,明瞭性の原則,連結財務諸表は、[1]の状況に関する判断を誤らせないように、[2]に対し必要な財務情報を[3]するものでなければならない。,企業集団,利害関係者,明瞭に表示,連結財務諸表は、企業集団の状況に関する判断を誤らせないように、利害関係者に対し必要な財務情報を明瞭に表示するものでなければならない。,明瞭性の原則とは何か？,4
20212,記述,連結財務諸表,連結財務諸表基準,継続性の原則,[1]成のために[2]した基準及び手続きは[3]して適用し、みだりにこれを変更してはならない。,連結財務諸表作,採用,毎期継続,連結財務諸表作成のために採用した基準及び手続きは毎期継続して適用し、みだりにこれを変更してはならない。,継続性の原則とは何か？,4
20301,記述,外貨換算会計,外貨換算基準,外貨建金銭債権債務を決算時の為替相場により換算する理由,外貨建金銭債権債務は、[1]では[2]の変動リスクを負わないため、[2]評価の対象とはならないが、[3]をでは為替相場の変動リスクを負っていることから、決算時の為替相場により換算する。,外貨額,時価,円貨額,外貨建金銭債権債務は、外貨額では時価の変動リスクを負わないため、時価評価の対象とはならないが、円貨額をでは為替相場の変動リスクを負っていることから、決算時の為替相場により換算する。,外貨建金銭債権債務を決算時の為替相場により換算する理由は何か？,3
20302,記述,外貨換算会計,外貨換算基準,外貨建売買目的有価証券を決算時の為替相場により換算する理由,外貨建売買目的有価証券に関する換算は、その[1]による[2]を求める過程で行われるため、[3]による時価を決算時の為替相場により円換算した額を付す。,円貨額,時価評価額,外国通貨,外貨建売買目的有価証券に関する換算は、その円貨額による時価評価額を求める過程で行われるため、外国通貨による時価を決算時の為替相場により円換算した額を付す。,外貨建売買目的有価証券を決算時の為替相場により換算する理由は何か？,3
20303,記述,外貨換算会計,外貨換算基準,外貨建満期保有目的の債券を決算時の為替相場により換算する理由,満期保有目的の[1]はら金銭[1]と[2]の[3]を持つと考えられるため、決算時の為替相場により換算する。,債権,同様,性質,満期保有目的の債権はら金銭債権と同様の性質を持つと考えられるため、決算時の為替相場により換算する。,外貨建満期保有目的の債券を決算時の為替相場により換算する理由は何か？,3
20304,記述,外貨換算会計,外貨換算基準,外貨建その他有価証券に関する換算を決算時の為替相場で行う理由,外貨建その他有価証券に関する換算は、その[1]による[2]を求める過程で行われるため、[3]による時価を決算時の為替相場により円換算した額を付す。,円貨額,時価評価額,外国通貨,外貨建その他有価証券に関する換算は、その円貨額による時価評価額を求める過程で行われるため、外国通貨による時価を決算時の為替相場により円換算した額を付す。,外貨建その他有価証券に関する換算を決算時の為替相場で行う理由は何か？,3
20305,記述,外貨換算会計,外貨換算基準,外貨建売買目的有価証券の評価差額はどのように処理するか？,有価証券を[1]したことによる評価差額に含まれる[2]については、金融基準に基づいて処理されることになるため、当該[2]は、当期の[3]益として処理する。,時価評価,換算差額,有価証券評価損,"有価証券を時価評価したことによる評価差額に含まれる換算差額については、金融基準に基づいて処理されることになるため、当該換算差額は、当期の有価証券評価損益として処理する。
",外貨建売買目的有価証券の評価差額はどのように処理するか？,3
20306,記述,外貨換算会計,外貨換算基準,外貨建子会社株式等を取得時の為替相場により換算する理由,子会社株式および[1]は、[2]と[3]の性質を有するため、取得時の為替相場により換算する。,関連会社株式,事業用資産,同様,"子会社株式および関連会社株式は、事業用資産と同様の性質を有するため、取得時の為替相場により換算する。
",外貨建子会社株式等を取得時の為替相場により換算する理由は何か？,3
20307,記述,外貨換算会計,外貨換算基準,外貨換算における決算日レート法,決算日レート法とは、すべての[1][2]を、決算時の[3]により換算する方法をいう。,外貨表示財務諸,表項目,為替相場,決算日レート法とは、すべての外貨表示財務諸表項目を、決算時の為替相場により換算する方法をいう。,外貨換算における決算日レート法とは何か？,4
20308,記述,外貨換算会計,外貨換算基準,外貨換算における流動・非流動法,流動・非流動法とは、流動項目を決算時の[1]によって、非流動項目を[2]は[3]の[1]によって換算する方法をいう。,為替相場,取得時又,発生時,流動・非流動法とは、流動項目を決算時の為替相場によって、非流動項目を取得時又は発生時の為替相場によって換算する方法をいう。,外貨換算における流動・非流動法とは何か？,4
20309,記述,外貨換算会計,外貨換算基準,外貨換算における貨幣・非貨幣法,貨幣・非貨幣法とは、貨幣項目を決算時の[1]によって、非貨幣項目を[2]は[3]の[1]によって換算する方法をいう。,為替相場,取得時又,発生時,貨幣・非貨幣法とは、貨幣項目を決算時の為替相場によって、非貨幣項目を取得時又は発生時の為替相場によって換算する方法をいう。,外貨換算における貨幣・非貨幣法とは何か？,4
20310,記述,外貨換算会計,外貨換算基準,外貨換算におけるテンポラル法,テンポラル法とは、[1]表項目のうち、[2]は発生時の外貨で測定されている項目については[2]は発生時の[3]で換算し、決算時の外貨で測定されている項目については決算時の[3]で換算する方法をいう。,外貨表示財務諸,取得時又,為替相場,テンポラル法とは、外貨表示財務諸表項目のうち、取得時又は発生時の外貨で測定されている項目については取得時又は発生時の為替相場で換算し、決算時の外貨で測定されている項目については決算時の為替相場で換算する方法をいう。,外貨換算におけるテンポラル法とは何か？,4
20311,記述,外貨換算会計,外貨換算基準,外貨建取引における「一取引基準」,一取引基準とは、外貨建取引とその取引にかかる[1]とを[2]した一つの取引とみなして[3]を行う基準をいう。,代金決済取引,連続,会計処理,一取引基準とは、外貨建取引とその取引にかかる代金決済取引とを連続した一つの取引とみなして会計処理を行う基準をいう。,外貨建取引における「一取引基準」とは何か？,4
20312,記述,外貨換算会計,外貨換算基準,外貨建取引における「二取引基準」,"二取引基準とは、外貨建取引とその取引にかかる[1]とを別個の取引とみなして[2]を行う基準をいう。
[3]では、二取引基準を採用している。",代金決済取引,会計処理,外貨基準,"二取引基準とは、外貨建取引とその取引にかかる代金決済取引とを別個の取引とみなして会計処理を行う基準をいう。
外貨基準では、二取引基準を採用している。",外貨建取引における「二取引基準」とは何か？,4
20313,記述,外貨換算会計,外貨換算基準,外貨建取引等の「独立処理」,独立処理とは、[1]等を外貨建取引と独立した取引として[2]する方法をいう。,為替予約,会計処理,,独立処理とは、為替予約等を外貨建取引と独立した取引として会計処理する方法をいう。,外貨建取引等の「独立処理」とは何か？,4
20314,記述,外貨換算会計,外貨換算基準,為替予約等の「振当処理」,振当処理とは、為替予約等により確定する決済時における円貨額により[1]等を換算し、[2]との差額を[3]する方法をいう。,外貨建取引,直物為替相場,期間配分,振当処理とは、為替予約等により確定する決済時における円貨額により外貨建取引等を換算し、直物為替相場との差額を期間配分する方法をいう。,為替予約等の「振当処理」とは何か？,4
20315,記述,外貨換算会計,外貨換算基準,外貨建売買目的有価証券の換算,外貨建売買目的有価証券については、[1]による時価を決算時の[2]により円換算した額を付する。当該換算差額は、当期の[3]益として処理する。,外国通貨,為替相場,有価証券評価損,外貨建売買目的有価証券については、外国通貨による時価を決算時の為替相場により円換算した額を付する。当該換算差額は、当期の有価証券評価損益として処理する。,外貨建売買目的有価証券の換算はどのように行うか？,3
20316,記述,外貨換算会計,外貨換算基準,外貨建満期保有目的の債券の換算,外貨建満期保有目的の債権については、[1]の[2]による円貨額を付する。当該換算差額は、当期の[3]として処理する。,決算時,為替相場,為替差損益,"外貨建満期保有目的の債権については、決算時の為替相場による円貨額を付する。当該換算差額は、当期の為替差損益として処理する。
",外貨建満期保有目的の債券の換算はどのように行うか？,3
20317,記述,外貨換算会計,外貨換算基準,外貨建取引が発生した際、取引時の換算,外貨建取引は、原則として、当該取引発生時の[1]による[2]をもって記録する。,為替相場,円貨額,,外貨建取引は、原則として、当該取引発生時の為替相場による円貨額をもって記録する。,外貨建取引が発生した際、取引時の換算はどのように行うか？,3
20318,記述,外貨換算会計,外貨換算基準,決算時における外国通貨の換算,外国通貨については、決算時の[1]による[2]を付する。決算時における換算によって生じた換算差額は、当期の[3]として処理する。,為替相場,円貨額,為替差損益,外国通貨については、決算時の為替相場による円貨額を付する。決算時における換算によって生じた換算差額は、当期の為替差損益として処理する。,決算時における外国通貨の換算はどのように行うか？,3
20401,記述,キャッシュ・フロー計算書,キャッシュ・フロー計算書基準,キャッシュ・フロー計算書の必要性,"1、企業の収益性や安全性を投資者が判断するためには、[1]に加え、企業の資金情報を提供することが必要である。
2、[2]会計における損益計算に比べ、代替的方法が少ないことから、企業間の[3]の観点からも有用である。",損益計算書,発生主義,比較可能性,"1、企業の収益性や安全性を投資者が判断するためには、損益計算書に加え、企業の資金情報を提供することが必要である。
2、発生主義会計における損益計算に比べ、代替的方法が少ないことから、企業間の比較可能性の観点からも有用である。",キャッシュ・フロー計算書の必要性は何か？,4
20402,記述,キャッシュ・フロー計算書,キャッシュ・フロー計算書基準,キャッシュ・フロー計算書の表示区分にはどのようなものがあるか？,"1、[1]によるキャッシュフローの区分では、[2]の対象となった取引のほか、投資活動及び[3]の取引によるキャッシュフローを記載して、[1]によるキャッシュフローを計算する。
2、投資活動によるキャッシュフローの区分では、設備投資、証券投資及び融資などにかかるキャッシュフローを記載して、投資活動によるキャッシュフローを計算する。
3、財務活動によるキャッシュフローの区分では、資金調達及び返済によるキャッシュフローを記載して、財務活動によるキャッシュフローを計算する。",営業活動,営業損益計算,財務活動以外,"1、営業活動によるキャッシュフローの区分では、営業損益計算の対象となった取引のほか、投資活動及び財務活動以外の取引によるキャッシュフローを記載して、営業活動によるキャッシュフローを計算する。
2、投資活動によるキャッシュフローの区分では、設備投資、証券投資及び融資などにかかるキャッシュフローを記載して、投資活動によるキャッシュフローを計算する。
3、財務活動によるキャッシュフローの区分では、資金調達及び返済によるキャッシュフローを記載して、財務活動によるキャッシュフローを計算する。",キャッシュ・フロー計算書の表示区分にはどのようなものがあるか？,4
20403,記述,キャッシュ・フロー計算書,キャッシュ・フロー計算書基準,キャッシュ・フロー計算書における「資金」の範囲はどのように定義されるか？,"資金の範囲は、現金及び[1]とする。
1、現金とは、手許現金及び[2]をいう。
2、[1]とは、容易に換金可能であり、かつ、価値の変動について僅少なリスクしか負わない[3]をいう。",現金同等物,要求払預金,短期投資,"資金の範囲は、現金及び現金同等物とする。
1、現金とは、手許現金及び要求払預金をいう。
2、現金同等物とは、容易に換金可能であり、かつ、価値の変動について僅少なリスクしか負わない短期投資をいう。",キャッシュ・フロー計算書における「資金」の範囲はどのように定義されるか？,5
20404,記述,キャッシュ・フロー計算書,キャッシュ・フロー計算書基準,「現金同等物」の具体的な範囲はどのように判断されるか？,現金同等物に具体的に何を含めるかについては[1]の判断に委ねることが適当と考えられるが、キャッシュ・フロー計算書の[2]を考慮して、取得日から3ヶ月以内に[3]は償還日が到来する短期的な投資を一般的な例として示している。,経営者,比較可能性,満期日又,現金同等物に具体的に何を含めるかについては経営者の判断に委ねることが適当と考えられるが、キャッシュ・フロー計算書の比較可能性を考慮して、取得日から3ヶ月以内に満期日又は償還日が到来する短期的な投資を一般的な例として示している。,「現金同等物」の具体的な範囲はどのように判断されるか？,4
20405,記述,キャッシュ・フロー計算書,キャッシュ・フロー計算書基準,キャッシュ・フロー計算書の位置付け,キャッシュ・フロー計算書は、一会計期間におけるキャッシュ・フローの状況を一定の活動区分別に表示するものであり、[1]及び[2]と同様に[3]を対象とする重要な情報を提供するものである。,貸借対照表,損益計算書,企業活動全体,キャッシュ・フロー計算書は、一会計期間におけるキャッシュ・フローの状況を一定の活動区分別に表示するものであり、貸借対照表及び損益計算書と同様に企業活動全体を対象とする重要な情報を提供するものである。,キャッシュ・フロー計算書の位置付けはどのようなものか？,4
20501,記述,研究開発費等,研究開発費,研究開発費を発生時にすべて費用処理する根拠,"1研究開発費は、発生時には将来の収益を獲得できるか否か不明であり、また、[1]が進行し、将来の収益の獲得の期待が高まったとしても、依然としてその獲得が確実であるとは言えないからである。
2[2]の要件を定める場合にも、客観的に判断可能な要件を規定することは困難であり、抽象的な要件のもとで[2]を行うことは、企業間の[3]を損なうこととなるからである。",研究開発計画,資産計上,比較可能性,"1研究開発費は、発生時には将来の収益を獲得できるか否か不明であり、また、研究開発計画が進行し、将来の収益の獲得の期待が高まったとしても、依然としてその獲得が確実であるとは言えないからである。
2資産計上の要件を定める場合にも、客観的に判断可能な要件を規定することは困難であり、抽象的な要件のもとで資産計上を行うことは、企業間の比較可能性を損なうこととなるからである。",研究開発費を発生時にすべて費用処理する根拠は何か？,3
20502,記述,研究開発費等,研究開発費,資産計上される市場販売目的のソフトウェア制作費を無形固定資産として計上する理由,"1製品マスターは、それ自体が販売の対象ではない。
2製品マスターは、[1]等と同様にこれを利用して製品を作成するものである。
3製品マスターは、[2]を有している。
4製品マスターは、適正な原価計算により[3]を明確化できる。",機械装置,法的権利,取得原価,"1製品マスターは、それ自体が販売の対象ではない。
2製品マスターは、機械装置等と同様にこれを利用して製品を作成するものである。
3製品マスターは、法的権利を有している。
4製品マスターは、適正な原価計算により取得原価を明確化できる。",資産計上される市場販売目的のソフトウェア制作費を無形固定資産として計上する理由は何か？,3
20503,記述,研究開発費等,研究開発費,ソフトウェア制作費を取得形態別ではなく制作目的別に会計処理する理由,ソフトウェア[1]とは、その制作目的により、[2]の収益との[3]が異なること等から、取得形態別ではなく、制作目的別に会計処理する。,製作費,将来,対応関係,ソフトウェア製作費とは、その制作目的により、将来の収益との対応関係が異なること等から、取得形態別ではなく、制作目的別に会計処理する。,ソフトウェア制作費を取得形態別ではなく制作目的別に会計処理する理由は何か？,3
20504,記述,研究開発費等,研究開発費,「市場販売目的のソフトウェア」,市場販売目的のソフトウェアである製品マスターの[1]は、[2]に該当する部分を除き、資産として計上しなければならない。ただし、製品マスターの[3]に要した費用は、資産として計上してはならない。,制作費,研究開発費,機能維持,市場販売目的のソフトウェアである製品マスターの制作費は、研究開発費に該当する部分を除き、資産として計上しなければならない。ただし、製品マスターの機能維持に要した費用は、資産として計上してはならない。,「市場販売目的のソフトウェア」とは何か？,4
20505,記述,研究開発費等,研究開発費,研究開発費,研究開発費とは、新しい知識の発見を目的とした計画的な調査、探究及び新しい製品、サービス、[1]についての計画もしくは[2]は既存の製品等を著しく改良するための計画もしくは設計として研究の成果そのほかの知識を[3]することにかかる費用をいう。,生産方法,設計又,具現化,研究開発費とは、新しい知識の発見を目的とした計画的な調査、探究及び新しい製品、サービス、生産方法についての計画もしくは設計又は既存の製品等を著しく改良するための計画もしくは設計として研究の成果そのほかの知識を具現化することにかかる費用をいう。,研究開発費とは何か？,4
20601,記述,退職給付会計,退職給付基準,退職給付費用の計算において現価方式を採用する理由,退職給付は[1]までに[2]の期間があることから貨幣の[3]を考慮に入れる必要があるためである。,支出,相当,時間価値,退職給付は支出までに相当の期間があることから貨幣の時間価値を考慮に入れる必要があるためである。,退職給付費用の計算において現価方式を採用する理由は何か？,5
20602,記述,退職給付会計,退職給付基準,退職給付の性格（本質）,退職給付は、[1]の[2]として[3]われる賃金の後払いである。,労働,対価,支払,退職給付は、労働の対価として支払われる賃金の後払いである。,退職給付の性格（本質）はどのようなものか？,5
20603,記述,退職給付会計,退職給付基準,退職給付債務,退職給付債務とは、退職給付のうち、[1]までに[2]していると認められる[3]を割引いたものをいう。,認識時点,発生,部分,退職給付債務とは、退職給付のうち、認識時点までに発生していると認められる部分を割引いたものをいう。,退職給付債務とは何か？,5
20604,記述,退職給付会計,退職給付基準,退職給付見込額に変動要因（予想昇給等）を加味する理由,[1]の退職給付の支払いは[2]における退職給付の額に基づいて行われるものであり、[3]の退職給付の支払額のみに基づいて将来の退職給付の額を見積もることは、退職給付の実態が適切に反映していないと考えられるため。,実際,退職時,期末時点,実際の退職給付の支払いは退職時における退職給付の額に基づいて行われるものであり、期末時点の退職給付の支払額のみに基づいて将来の退職給付の額を見積もることは、退職給付の実態が適切に反映していないと考えられるため。,退職給付見込額に変動要因（予想昇給等）を加味する理由は何か？,5
20605,記述,退職給付会計,退職給付基準,年金資産が退職給付債務から控除され、貸借対照表に直接計上されない理由,年金資産は退職給付の支払いのためにのみ使用されることが制度的に担保されていることなどから、これを[1]のために保有する一般の資産と同様に企業の貸借対照表に計上することには問題があり、かえって、[2]の[3]に誤解を与える恐れがあると考えられるためである。,収益獲得,財務諸表,利用者,年金資産は退職給付の支払いのためにのみ使用されることが制度的に担保されていることなどから、これを収益獲得のために保有する一般の資産と同様に企業の貸借対照表に計上することには問題があり、かえって、財務諸表の利用者に誤解を与える恐れがあると考えられるためである。,年金資産が退職給付債務から控除され、貸借対照表に直接計上されない理由は何か？,5
20606,記述,退職給付会計,退職給付基準,過去勤務費用について遅延認識が認められる理由,過去勤務費用の[1]である[2]の改訂等が従業員の[3]が将来にわたって向上するとの期待の元に行われる面があるためである。,発生要因,給付水準,勤労意欲,過去勤務費用の発生要因である給付水準の改訂等が従業員の勤労意欲が将来にわたって向上するとの期待の元に行われる面があるためである。,過去勤務費用について遅延認識が認められる理由は何か？,5
20607,記述,退職給付会計,退職給付基準,数理計算上の差異について遅延認識が認められる理由,数理計算上の差異には[1]と[2]の乖離のみならず[1]数値の修正も反映されることから各期に生じる差異を直ちに費用として計上することが[3]にかかる債務の状態を忠実に表現するとは言えない面がある。,予測,実績,退職給付,数理計算上の差異には予測と実績の乖離のみならず予測数値の修正も反映されることから各期に生じる差異を直ちに費用として計上することが退職給付にかかる債務の状態を忠実に表現するとは言えない面がある。,数理計算上の差異について遅延認識が認められる理由は何か？,5
20701,記述,税効果会計,税効果基準,繰延法,繰延法とは、調整すべき差異を[1]の[2]は費用と、税務上の益金又は損金の差額から把握し、これに現行の税率を適用して算定した額を調整すべき[3]として処理する方法である。,会計上,収益又,税効果額,繰延法とは、調整すべき差異を会計上の収益又は費用と、税務上の益金又は損金の差額から把握し、これに現行の税率を適用して算定した額を調整すべき税効果額として処理する方法である。,繰延法とは何か？,5
20702,記述,税効果会計,税効果基準,繰延法のもとでの税効果会計の目的,繰延法のもとは、[1]における[2]等の額と税引き[3]とを期間的に対応させることが税効果会計を行う目的である。,発生年度,法人税,前当期純利益,繰延法のもとは、発生年度における法人税等の額と税引き前当期純利益とを期間的に対応させることが税効果会計を行う目的である。,繰延法のもとでの税効果会計の目的は何か？,5
20703,記述,税効果会計,税効果基準,資産負債法,資産負債法とは、調整すべき差異を[1]の資産又は負債と、税務上の資産又は負債の額から把握し、これに[2]されるべき税率(予測税率)を適用して算定した額を調整すべき[3]として処理する方法である。,会計上,将来施行,税効果額,資産負債法とは、調整すべき差異を会計上の資産又は負債と、税務上の資産又は負債の額から把握し、これに将来施行されるべき税率(予測税率)を適用して算定した額を調整すべき税効果額として処理する方法である。,資産負債法とは何か？,5
20704,記述,税効果会計,税効果基準,資産負債法のもとでの税効果会計の目的,資産負債法の元では、[1]の[2]等の[3]に対する影響を表示することが税効果会計を行う目的である。,将来,法人税,支払額,資産負債法の元では、将来の法人税等の支払額に対する影響を表示することが税効果会計を行う目的である。,資産負債法のもとでの税効果会計の目的は何か？,5
20705,記述,税効果会計,税効果基準,繰延税金資産及び繰延税金負債の表示区分が（流動・固定から）変更された理由,繰延税金資産は換金性のある資産ではないことや、[1]に税金を納付する我が国においては1年以内に解消される[2]等について、1年以内にキャッシュフローは生じないことに一定の論拠があること等を勘案し、国際的な[3]に整合させ、すべてを非流動区分に表示することとした。,決算日後,一次差異,会計基準,繰延税金資産は換金性のある資産ではないことや、決算日後に税金を納付する我が国においては1年以内に解消される一次差異等について、1年以内にキャッシュフローは生じないことに一定の論拠があること等を勘案し、国際的な会計基準に整合させ、すべてを非流動区分に表示することとした。,繰延税金資産及び繰延税金負債の表示区分が（流動・固定から）変更された理由は何か？,5
20706,記述,税効果会計,税効果基準,税効果会計の目的,税効果会計は、[1]の資産又は負債の額と[2]の資産又は負債の額に相違がある場合において、法人税等の額を適切に期間配分することにより、法人税等を控除する前の[3]と法人税等を合理的に対応させることを目的とする手続である。,企業会計上,課税所得計算上,当期純利益,税効果会計は、企業会計上の資産又は負債の額と課税所得計算上の資産又は負債の額に相違がある場合において、法人税等の額を適切に期間配分することにより、法人税等を控除する前の当期純利益と法人税等を合理的に対応させることを目的とする手続である。,税効果会計の目的は何か？,5
20801,記述,金融商品会計,金融商品に関する会計基準の概要,金融資産又は金融負債の発生を契約締結時に認識する理由,金融資産又は金融負債自体を対象とする取引については、[1]の契約締結時から当該金融資産又は金融負債の時価の変動リスクや契約の相手方の[2]等に基づく信用リスクが[3]に生じるため、契約締結時においてその発生を認識するのである。,当該取引,財政状態,契約当事者,金融資産又は金融負債自体を対象とする取引については、当該取引の契約締結時から当該金融資産又は金融負債の時価の変動リスクや契約の相手方の財政状態等に基づく信用リスクが契約当事者に生じるため、契約締結時においてその発生を認識するのである。,金融資産又は金融負債の発生を契約締結時に認識する理由は何か？,4
20802,記述,金融商品会計,金融資産の評価の概要,時価評価の必要性,自家による自由な換金・決済等が可能な[1]については、[2]としても、企業の財務認識としても、さらに、[3]の観点からも、これを時価評価し、適切に財務諸表に反映することが必要であると考えられる。,金融資産,投資情報,国際的調和化,自家による自由な換金・決済等が可能な金融資産については、投資情報としても、企業の財務認識としても、さらに、国際的調和化の観点からも、これを時価評価し、適切に財務諸表に反映することが必要であると考えられる。,時価評価の必要性は何か？,3
20803,記述,金融商品会計,金融資産の評価の概要,保有目的に応じた処理方法の必要性,保有目的等をまったく考慮せずに[1]を行うことは、必ずしも、企業の[2]及び[3]を適切に財務諸表に反映させることにならないためである。,時価評価,財政状態,経営成績,保有目的等をまったく考慮せずに時価評価を行うことは、必ずしも、企業の財政状態及び経営成績を適切に財務諸表に反映させることにならないためである。,保有目的に応じた処理方法の必要性は何か？,3
20804,記述,金融商品会計,金融債権・債務,金銭債務を時価評価しない理由,金銭債務は[1]的には[2]がないか、車載のように[2]があっても自己の発効した社債を時価により自由に清算するには[3]等の制約があると考えられるので、時価評価を行わないこととした。,一般,市場,事業遂行上,金銭債務は一般的には市場がないか、車載のように市場があっても自己の発効した社債を時価により自由に清算するには事業遂行上等の制約があると考えられるので、時価評価を行わないこととした。,金銭債務を時価評価しない理由は何か？,3
20805,記述,金融商品会計,金融債権・債務,金銭債権を時価評価しない理由,金銭債権については一般的に、活発な市場がない場合が多いためである。このうち、[1]や売掛金は[2]的に決済されることが予定されており、[3]が時価に近似しているものと考えられ、また、貸付金等の債権は時価を容易に入手できない場合や売却することを意図していない場合が少なくないと考えられるので、金銭債権については、原則として時価評価は行わないこととした。,受取手形,通常短期,帳簿価額,金銭債権については一般的に、活発な市場がない場合が多いためである。このうち、受取手形や売掛金は通常短期的に決済されることが予定されており、帳簿価額が時価に近似しているものと考えられ、また、貸付金等の債権は時価を容易に入手できない場合や売却することを意図していない場合が少なくないと考えられるので、金銭債権については、原則として時価評価は行わないこととした。,金銭債権を時価評価しない理由は何か？,3
20806,記述,金融商品会計,有価証券,売買目的有価証券を時価評価する理由,売買目的有価証券については、[1]にとっての有用な情報は有価証券の[2]での時価に求められると考えられるため、時価を持って[3]価額とする,投資者,期末時点,貸借対照表,売買目的有価証券については、投資者にとっての有用な情報は有価証券の期末時点での時価に求められると考えられるため、時価を持って貸借対照表価額とする,売買目的有価証券を時価評価する理由は何か？,4
20807,記述,金融商品会計,有価証券,売買目的有価証券の評価差額を当期の損益として処理する理由,売買目的有価証券は、[1]することについて[2]等の制約がなく、時価の変動に当たる評価差額が企業にとっての[3]と考えられることから、その評価差額は当期の損益として処理する。,売却,事業遂行上,財務活動の成果,売買目的有価証券は、売却することについて事業遂行上等の制約がなく、時価の変動に当たる評価差額が企業にとっての財務活動の成果と考えられることから、その評価差額は当期の損益として処理する。,売買目的有価証券の評価差額を当期の損益として処理する理由は何か？,4
20808,記述,金融商品会計,有価証券,満期保有目的の債券を時価評価しない理由,満期保有目的の債権については、時価が算定できるものであっても、満期まで保有することによる[1]及び元本の受け取りを目的としており、満期までの間の金利変動による価格変動のリスクを認める必要がないことから、原則として、[2]又は、[3]に基づいて算定された価額を持って貸借対照価額をする。,約定利息,取得原価,償却原価法,満期保有目的の債権については、時価が算定できるものであっても、満期まで保有することによる約定利息及び元本の受け取りを目的としており、満期までの間の金利変動による価格変動のリスクを認める必要がないことから、原則として、取得原価又は、償却原価法に基づいて算定された価額を持って貸借対照価額をする。,満期保有目的の債券を時価評価しない理由は何か？,4
20809,記述,金融商品会計,有価証券,子会社株式及び関連会社株式を時価評価しない理由,"子会社株式について、事業投資と同じく時価の変動を[1]とは捉えないという考え方に基づき、[2]を持って[3]価額とする。
また、関連会社株式については、他企業への影響力の行使を目的として保有する株式であることから、子会社株式の場合と同じく、事実上の事業投資と同様の会計処理を行うことが適当であるため、[2]を持って[3]価額とする。",財務活動の成果,取得原価,貸借対照表,"子会社株式について、事業投資と同じく時価の変動を財務活動の成果とは捉えないという考え方に基づき、取得原価を持って貸借対照表価額とする。
また、関連会社株式については、他企業への影響力の行使を目的として保有する株式であることから、子会社株式の場合と同じく、事実上の事業投資と同様の会計処理を行うことが適当であるため、取得原価を持って貸借対照表価額とする。",子会社株式及び関連会社株式を時価評価しない理由は何か？,4
20810,記述,金融商品会計,有価証券,その他有価証券を時価評価する理由,その他有価証券について、[1]としても、企業の[2]としても、さらに[3]の観点からもこれを時価評価し適切に財務諸表に反映することが必要である。,投資情報,財務認識,国際的調和化,その他有価証券について、投資情報としても、企業の財務認識としても、さらに国際的調和化の観点からもこれを時価評価し適切に財務諸表に反映することが必要である。,その他有価証券を時価評価する理由は何か？,4
20811,記述,金融商品会計,有価証券,その他有価証券の評価差額はどのように処理するか？,"その他有価証券については、事業遂行上等の必要性から直ちに売買・換金を行うことには制約を伴う要素もあり、評価差額を直ちに[1]として処理することは適切ではないため、評価差額を[1]として処理することなく、税効果を調整の上、[2]に記載する。
ただし、企業会計上、保守主義の観点から、これまで認められていた低下法による評価の考えたを考慮し、部分純資産直入法を適用して、時価が取得原価を下回る銘柄の評価差額は[3]に計上することもできる。",当期の損益,純資産の部,損益計算書,"その他有価証券については、事業遂行上等の必要性から直ちに売買・換金を行うことには制約を伴う要素もあり、評価差額を直ちに当期の損益として処理することは適切ではないため、評価差額を当期の損益として処理することなく、税効果を調整の上、純資産の部に記載する。
ただし、企業会計上、保守主義の観点から、これまで認められていた低下法による評価の考えたを考慮し、部分純資産直入法を適用して、時価が取得原価を下回る銘柄の評価差額は損益計算書に計上することもできる。",その他有価証券の評価差額はどのように処理するか？,4
20812,記述,金融商品会計,有価証券,売買目的有価証券,売買目的有価証券とは、[1]の[2]により[3]を得ることを目的として保有する有価証券をいう。,時価,変動,利益,売買目的有価証券とは、時価の変動により利益を得ることを目的として保有する有価証券をいう。,売買目的有価証券とは何か？,5
20813,記述,金融商品会計,有価証券,売買目的有価証券の評価及び評価差額の処理,売買目的有価証券については、[1]を持って[2]価額とし、評価差額は[3]として処理する。,時価,貸借対照表,当期の損益,売買目的有価証券については、時価を持って貸借対照表価額とし、評価差額は当期の損益として処理する。,売買目的有価証券の評価及び評価差額の処理はどのように行うか？,4
20814,記述,金融商品会計,有価証券,満期保有目的の債券,満期保有目的の[1]とは、企業が[2]まで保有する[3]を持って保有する社債そのほかの[1]をいう。,債権,万期,意図,満期保有目的の債権とは、企業が万期まで保有する意図を持って保有する社債そのほかの債権をいう。,満期保有目的の債券とは何か？,5
20815,記述,金融商品会計,有価証券,満期保有目的の債券の評価,満期保有目的の債権については、[1]を持って[2]価額とする。ただし、債権を債権金額より低い価額又は高い価額で取得した場合において、[1]と債権金額との差額の性格が金利の調整と認められる時は、[3]に基づいて算定された価額を持って[2]価額としなければならない。,取得原価,貸借対照表,償却原価法,満期保有目的の債権については、取得原価を持って貸借対照表価額とする。ただし、債権を債権金額より低い価額又は高い価額で取得した場合において、取得原価と債権金額との差額の性格が金利の調整と認められる時は、償却原価法に基づいて算定された価額を持って貸借対照表価額としなければならない。,満期保有目的の債券の評価はどのように行うか？,4
20816,記述,金融商品会計,有価証券,その他有価証券,その他有価証券とは、[1]券、[2]的の債権、子会社株式及び[3]外の有価証券をいう。,売買目的有価証,満期保有目,関連会社株式以,その他有価証券とは、売買目的有価証券、満期保有目的の債権、子会社株式及び関連会社株式以外の有価証券をいう。,その他有価証券とは何か？,5
20817,記述,金融商品会計,デリバティブ取引,デリバティブ取引を時価評価する理由,[1]及び[2]にとって意義を有する価値は正味の[3]は債務の時価に求められると考えられるためである。,投資者,企業双方,債権又,投資者及び企業双方にとって意義を有する価値は正味の債権又は債務の時価に求められると考えられるためである。,デリバティブ取引を時価評価する理由は何か？,2
20818,記述,金融商品会計,デリバティブ取引,デリバティブ取引の評価差額を当期の損益として処理する理由,デリバティブ取引により生じる[1]の[2]及び債務の時価の変動は、企業にとっての[3]であると考えられるためである。,正味,債権,財務活動の成果,デリバティブ取引により生じる正味の債権及び債務の時価の変動は、企業にとっての財務活動の成果であると考えられるためである。,デリバティブ取引の評価差額を当期の損益として処理する理由は何か？,2
20819,記述,金融商品会計,デリバティブ取引,デリバティブ取引,デリバティブ取引とは、取引により生じる[1]の[2]または債務の時価の変動により[3]が利益を得または損失を被るものをいう。,正味,債権,保有者,デリバティブ取引とは、取引により生じる正味の債権または債務の時価の変動により保有者が利益を得または損失を被るものをいう。,デリバティブ取引とは何か？,3
20820,記述,金融商品会計,ヘッジ会計,ヘッジ会計を採用する理由,ヘッジ会計を適用することで、[1]及び[2]にかかる損益を期間的に合理的に対応させ、[1]の相場変動等による損失の可能性が[2]によってカバーされているという[3]を財務諸表に反映させるためである。,ヘッジ対象,ヘッジ手段,経済的実態,ヘッジ会計を適用することで、ヘッジ対象及びヘッジ手段にかかる損益を期間的に合理的に対応させ、ヘッジ対象の相場変動等による損失の可能性がヘッジ手段によってカバーされているという経済的実態を財務諸表に反映させるためである。,ヘッジ会計を採用する理由は何か？,4
20821,記述,金融商品会計,ヘッジ会計,ヘッジ会計,ヘッジ会計とは、ヘッジ取引のうち一定の要件を満たすものについて、[1]にかかる損益と[2]に係る損益を同一の[3]に認識し、ヘッジの効果を会計に反映させるための特殊な会計処理をいう。,ヘッジ対象,ヘッジ手段,会計期間,ヘッジ会計とは、ヘッジ取引のうち一定の要件を満たすものについて、ヘッジ対象にかかる損益とヘッジ手段に係る損益を同一の会計期間に認識し、ヘッジの効果を会計に反映させるための特殊な会計処理をいう。,ヘッジ会計とは何か？,5
20822,記述,金融商品会計,ヘッジ会計,繰延ヘッジ,"ヘッジ会計の方法には、繰延ヘッジと時価ヘッジがあり、繰延ヘッジを原則とする。
繰延ヘッジとは、時価評価されている[1]にかかる損益又は評価差額を、[2]にかかる損益が認識されるまで[3]において繰り延べる方法である。",ヘッジ手段,ヘッジ対象,純資産の部,"ヘッジ会計の方法には、繰延ヘッジと時価ヘッジがあり、繰延ヘッジを原則とする。
繰延ヘッジとは、時価評価されているヘッジ手段にかかる損益又は評価差額を、ヘッジ対象にかかる損益が認識されるまで純資産の部において繰り延べる方法である。",繰延ヘッジとは何か？,5
20823,記述,金融商品会計,ヘッジ会計,時価ヘッジ,時価ヘッジとは、[1]である資産又は負債にかかる[2]等を損益に反映させることにより、その損益と[3]にかかる損益とを同一の会計期間に認識する方法である。,ヘッジ対象,相場変動,ヘッジ手段,時価ヘッジとは、ヘッジ対象である資産又は負債にかかる相場変動等を損益に反映させることにより、その損益とヘッジ手段にかかる損益とを同一の会計期間に認識する方法である。,時価ヘッジとは何か？,5
20901,記述,減損会計,減損基準,固定資産の減損処理,固定資産の減損とは、固定資産の収益性の低下により投資額の回収が見込めなくなった状態であり、減損処理とは、そのような場合に、一定の条件の下で[1]を反映させるように[2]を減額する[3]である。,回収可能性,帳簿価額,会計処理,固定資産の減損とは、固定資産の収益性の低下により投資額の回収が見込めなくなった状態であり、減損処理とは、そのような場合に、一定の条件の下で回収可能性を反映させるように帳簿価額を減額する会計処理である。,固定資産の減損処理とは何か？,5
20902,記述,減損会計,減損基準,固定資産の減損処理を行う目的,固定資産の減損処理は、[1]基準の下で[2]を反映させるように、過大な[3]を減額し、将来に損失を繰延ないために行われる会計処理である。,取得原価,回収可能性,帳簿価額,固定資産の減損処理は、取得原価基準の下で回収可能性を反映させるように、過大な帳簿価額を減額し、将来に損失を繰延ないために行われる会計処理である。,固定資産の減損処理を行う目的は何か？,5
20903,記述,減損会計,減損基準,減損損失が「相当程度に確実な場合」に限って認識される理由,減損損失の測定は、キャッシュフローの見積に大きく依存する。将来キャッシュフローが約定されている場合の[1]と異なり、成果の[2]な[3]の減損は、測定が主観的にならざるを得ないためである。,金融資産,不確定,事業用資産,減損損失の測定は、キャッシュフローの見積に大きく依存する。将来キャッシュフローが約定されている場合の金融資産と異なり、成果の不確定な事業用資産の減損は、測定が主観的にならざるを得ないためである。,減損損失が「相当程度に確実な場合」に限って認識される理由は何か？,5
20904,記述,減損会計,減損基準,棚卸資産の評価における「正味売却価額」,正味売却価額とは、[1]は資産グループの[2]から[3]み額を控除して算定される金額をいう。,資産又,時価,処分費用見込,正味売却価額とは、資産又は資産グループの時価から処分費用見込み額を控除して算定される金額をいう。,棚卸資産の評価における「正味売却価額」とは何か？,5
20905,記述,減損会計,減損基準,減損会計における「使用価値」,使用価値とは、[1]は資産グループの[2]と使用後の処分によって生ずると見込まれる将来キャッシュフローの[3]をいう。,資産又,継続的使用,現在価値,使用価値とは、資産又は資産グループの継続的使用と使用後の処分によって生ずると見込まれる将来キャッシュフローの現在価値をいう。,減損会計における「使用価値」とは何か？,5
20906,記述,減損会計,減損基準,減損損失の測定,"[1]を回収可能価額まで減額し、当該減少額を減損損失として当期の損失とする。
回収可能価額とは、売却による回収額である[2]と使用による回収額である[3]のいずれか高い価額をいう。",帳簿価額,正味売却価額,使用価値,"帳簿価額を回収可能価額まで減額し、当該減少額を減損損失として当期の損失とする。
回収可能価額とは、売却による回収額である正味売却価額と使用による回収額である使用価値のいずれか高い価額をいう。",減損損失の測定はどのように行うか？,5
20907,記述,減損会計,減損基準,減損の兆候がある資産に絞って減損損失の認識を判定する理由,対象資産全てについて減損損失の認識の判定を行うことが、[1]、[2]な[3]となる恐れがあることを考慮したためである。,実務上,過大,負担,対象資産全てについて減損損失の認識の判定を行うことが、実務上、過大な負担となる恐れがあることを考慮したためである。,減損の兆候がある資産に絞って減損損失の認識を判定する理由は何か？,5
21001,記述,組織再編会計,企業結合基準,企業結合基準における「取得」,取得とは、ある企業が他の[1]は企業を[2]する[3]に対する支配を獲得することをいう。,企業又,構成,事業,取得とは、ある企業が他の企業又は企業を構成する事業に対する支配を獲得することをいう。,企業結合基準における「取得」とは何か？,5
21002,記述,組織再編会計,企業結合基準,企業結合における「パーチェス法」,パーチェス法とは、[1]から受け入れる資産及び負債の[2]を、対価として交付する現金及び株式等の時価([3])とする方法をいう。,非結合企業,取得原価,公正価値,パーチェス法とは、非結合企業から受け入れる資産及び負債の取得原価を、対価として交付する現金及び株式等の時価(公正価値)とする方法をいう。,企業結合における「パーチェス法」とは何か？,5
21003,記述,組織再編会計,企業結合基準,企業結合においてパーチェス法が採用される理由,企業結合の多くは、実質的にはいずれかの[1]による新規の投資と同じであり、交付する現金及び株式等の投資額を[2]として他の[1]から受け入れる資産及び負債を評価することが現行の一般的な[3]と整合するからである。,結合当時企業,取得価額,会計処理,企業結合の多くは、実質的にはいずれかの結合当時企業による新規の投資と同じであり、交付する現金及び株式等の投資額を取得価額として他の結合当時企業から受け入れる資産及び負債を評価することが現行の一般的な会計処理と整合するからである。,企業結合においてパーチェス法が採用される理由は何か？,4
21004,記述,組織再編会計,企業結合基準,のれんを規則的に償却する理由,"1[1]の成果たる収益と、その対価の一部を構成する[2]の償却という費用の対応が可能になるためである。
2のれんは[3]の一部であることに鑑みれば、のれんを規則的に償却する方法は、[3]を超えて回収された超過額を企業にとっての利益と見る考え方とも首尾一貫しているためである。
3[1]により生じたのれんは時間の経過とともに自己創設のれんに入れ替わる可能性があるため、[1]により計上したのれんの非償却による自己創設のれんの実質的な資産計上を防ぐことができるためである。",企業結合,投資消去差額,投資原価,"1企業結合の成果たる収益と、その対価の一部を構成する投資消去差額の償却という費用の対応が可能になるためである。
2のれんは投資原価の一部であることに鑑みれば、のれんを規則的に償却する方法は、投資原価を超えて回収された超過額を企業にとっての利益と見る考え方とも首尾一貫しているためである。
3企業結合により生じたのれんは時間の経過とともに自己創設のれんに入れ替わる可能性があるため、企業結合により計上したのれんの非償却による自己創設のれんの実質的な資産計上を防ぐことができるためである。",のれんを規則的に償却する理由は何か？,4
21005,記述,組織再編会計,企業結合基準,負ののれんが生じた事業年度の利益として処理される理由,1負の[1]の[2]を[3]な項目やバーゲン・パーチェスであると位置づけ、現実には異常かつ発生の可能性が低いことから、異常利益としての処理が妥当であると考えるためである。,のれん,発生原因,認識不能,1負ののれんの発生原因を認識不能な項目やバーゲン・パーチェスであると位置づけ、現実には異常かつ発生の可能性が低いことから、異常利益としての処理が妥当であると考えるためである。,負ののれんが生じた事業年度の利益として処理される理由は何か？,4
21006,記述,組織再編会計,企業結合基準,企業結合基準における「持分の結合」,持分の結合とは、いずれの企業の[1]も他の企業を支配したとは認められず、結合後企業のリスクや便益を引き続き相互に共有することを達成するため、それぞれの事業の全て又は[2]のすべてを結合して一つの[3]となることをいう。,株主,事実上,報告単位,持分の結合とは、いずれの企業の株主も他の企業を支配したとは認められず、結合後企業のリスクや便益を引き続き相互に共有することを達成するため、それぞれの事業の全て又は事実上のすべてを結合して一つの報告単位となることをいう。,企業結合基準における「持分の結合」とは何か？,5
21007,記述,組織再編会計,企業結合基準,企業結合,企業結合とは、ある[1]はある企業を[2]する事業と他の[1]は他の企業を[2]する事業とが一つの[3]に結合されることをいう。,企業又,構成,報告単位,企業結合とは、ある企業又はある企業を構成する事業と他の企業又は他の企業を構成する事業とが一つの報告単位に結合されることをいう。,企業結合とは何か？,5
21008,記述,組織再編会計,企業結合基準,企業結合基準の基本的な考え方,企業結合基準は企業結合には[1]と持分の結合という異なる[2]を有するものが存在する以上、それぞれの実態に対応する適切な[3]を適用する必要があるとの考え方に立っている。,取得,経済的実態,会計処理方法,企業結合基準は企業結合には取得と持分の結合という異なる経済的実態を有するものが存在する以上、それぞれの実態に対応する適切な会計処理方法を適用する必要があるとの考え方に立っている。,企業結合基準の基本的な考え方はどのようなものか？,4
21101,記述,純資産・包括利益,純資産の概要,純資産の部を「株主資本」と「それ以外の項目」に区分する理由,"財務報告における情報開示の中で、投資の成果を表す当期純利益とこれを生み出す株主資本との関係を示すことが重要であるため、株主資本と株主資本以外の各項目を区分するのである。
この結果、[1]における当期純利益の額と[2]における株主資本の[3]を除く当期変動額が一致することとなる。",損益計算書,貸借対照表,資本取引,"財務報告における情報開示の中で、投資の成果を表す当期純利益とこれを生み出す株主資本との関係を示すことが重要であるため、株主資本と株主資本以外の各項目を区分するのである。
この結果、損益計算書における当期純利益の額と貸借対照表における株主資本の資本取引を除く当期変動額が一致することとなる。",純資産の部を「株主資本」と「それ以外の項目」に区分する理由は何か？,4
21102,記述,純資産・包括利益,純資産の概要,評価・換算差額等を純資産の部に記載する理由,評価・換算差額等は、[1]は[2]を有するものではないため、純資産の部に記載される。,資産性又,負債性,,評価・換算差額等は、資産性又は負債性を有するものではないため、純資産の部に記載される。,評価・換算差額等を純資産の部に記載する理由は何か？,4
21103,記述,純資産・包括利益,純資産の概要,評価・換算差額等を「株主資本以外の項目」とする理由,評価・換算差額等は、[1]ではなく、かつ、未だ[2]に含められていないことから、株主資本以外の項目とされる。,払込資本,当期純利益,,評価・換算差額等は、払込資本ではなく、かつ、未だ当期純利益に含められていないことから、株主資本以外の項目とされる。,評価・換算差額等を「株主資本以外の項目」とする理由は何か？,4
21104,記述,純資産・包括利益,純資産の概要,新株予約権を純資産の部に記載する理由,新株予約権は、[1]のある負債ではなく、負債の部に表示することは[2]ではないため、純資産の部に記載される。,返済義務,適当,,新株予約権は、返済義務のある負債ではなく、負債の部に表示することは適当ではないため、純資産の部に記載される。,新株予約権を純資産の部に記載する理由は何か？,4
21105,記述,純資産・包括利益,純資産の概要,新株予約権を「株主資本以外の項目」とする理由,新株予約権は、[1]の[2]である株主とは異なる新株予約権者との[3]的な取引によるものであり、株主に帰属するものではないため、株主資本以外の項目とされる。,報告主体,所有者,直接,新株予約権は、報告主体の所有者である株主とは異なる新株予約権者との直接的な取引によるものであり、株主に帰属するものではないため、株主資本以外の項目とされる。,新株予約権を「株主資本以外の項目」とする理由は何か？,4
21106,記述,純資産・包括利益,純資産の概要,非支配株主持分（旧少数株主持分）を純資産の部に記載する理由,非支配株主持分は、[1]の資本のうち[2]に帰属していない部分であり、[3]のある負債ではないため、純資産の部に計上される。,子会社,親会社,返済義務,非支配株主持分は、子会社の資本のうち親会社に帰属していない部分であり、返済義務のある負債ではないため、純資産の部に計上される。,非支配株主持分（旧少数株主持分）を純資産の部に記載する理由は何か？,4
21107,記述,純資産・包括利益,純資産の概要,非支配株主持分を「株主資本以外の項目」とする理由,非支配株主持分、[1]のうち[2]に[3]していない部分であり、[2]株主に[3]するものではないため、株主資本以外の項目とされる。,子会社資本,親会社,帰属,非支配株主持分、子会社資本のうち親会社に帰属していない部分であり、親会社株主に帰属するものではないため、株主資本以外の項目とされる。,非支配株主持分を「株主資本以外の項目」とする理由は何か？,4
21108,記述,純資産・包括利益,株主資本,企業会計基準において維持拘束性の観点から資本を区分する理由,企業会計基準では、[1]のために情報開示の観点から、[2]に資本取引から生じた維持拘束性を特質とする留保利益([3])を区別することに重点をおいているためである。,投資者保護,取引源泉別,利益剰余金,企業会計基準では、投資者保護のために情報開示の観点から、取引源泉別に資本取引から生じた維持拘束性を特質とする留保利益(利益剰余金)を区別することに重点をおいているためである。,企業会計基準において維持拘束性の観点から資本を区分する理由は何か？,4
21109,記述,純資産・包括利益,株主資本,純資産の部における「本来的な区分」,[1]では、株主と債権者の[2]に観点から、[3]を構成する剰余金とそれ以外の資本金及び準備金に区別することに重点を置いているためである。,会社法,利害調整,分配可能額,会社法では、株主と債権者の利害調整に観点から、分配可能額を構成する剰余金とそれ以外の資本金及び準備金に区別することに重点を置いているためである。,純資産の部における「本来的な区分」の理由は何か？,4
21110,記述,純資産・包括利益,株主資本,純資産の部における「表示上の区分」,会社法では、一元化の観点から[1]の表示を[2]及び[3]に合わせたためである。,株主資本,企業会計基準,財務諸表等規則,会社法では、一元化の観点から株主資本の表示を企業会計基準及び財務諸表等規則に合わせたためである。,純資産の部における「表示上の区分」の理由は何か？,4
21111,記述,純資産・包括利益,株主資本,資本剰余金を区分表示する考え方・理由,[1]では、[2]を構成するその他資本剰余金とそれ以外の[3]を区別する必要がある会社法の考え方を考慮しているためである。,企業会計基準,分配可能額,資本準備金,企業会計基準では、分配可能額を構成するその他資本剰余金とそれ以外の資本準備金を区別する必要がある会社法の考え方を考慮しているためである。,資本剰余金を区分表示する考え方・理由は何か？,4
21112,記述,純資産・包括利益,株主資本,自己株式処分差益を資本剰余金項目とする理由,自己株式の処分が[1]の発行と同様の[2]を有する点を考慮すると、その[3]も株主からの払い込み資本と同様の性格を有すると考えられるためである。,新株,経済的実態,処分差額,自己株式の処分が新株の発行と同様の経済的実態を有する点を考慮すると、その処分差額も株主からの払い込み資本と同様の性格を有すると考えられるためである。,自己株式処分差益を資本剰余金項目とする理由は何か？,4
21113,記述,純資産・包括利益,株主資本,自己株式処分差益をその他資本剰余金に計上する理由,[1]において自己株式処分差益は[2]を[3]するためである。,会社法,分配可能額,構成,会社法において自己株式処分差益は分配可能額を構成するためである。,自己株式処分差益をその他資本剰余金に計上する理由は何か？,4
21114,記述,純資産・包括利益,株主資本,利益剰余金を区分表示する考え方・理由,[1]では、[2]を構成するその他利益剰余金とそれ以外の利益剰余金を区別する必要がある[3]の考え方を考慮しているためである。,企業会計基準,分配可能額,会社法,企業会計基準では、分配可能額を構成するその他利益剰余金とそれ以外の利益剰余金を区別する必要がある会社法の考え方を考慮しているためである。,利益剰余金を区分表示する考え方・理由は何か？,4
21115,記述,純資産・包括利益,株主資本,自己株式処分差損を（利益剰余金ではなく）資本剰余金からの控除とする理由,自己株式の取得と処分を一連の取引とみた場合、[1]の[2]からの分配の性格を有すると考えられるが、自己株式の処分が新株の発行と同様の[3]を有する点を考慮すると、利益剰余金の額を増減させるべきでなく、処分差益と同じく処分差損についても、資本剰余金の額を減少することが適切であると考えられるためである。,純資産の部,株主資本,経済的実態,自己株式の取得と処分を一連の取引とみた場合、純資産の部の株主資本からの分配の性格を有すると考えられるが、自己株式の処分が新株の発行と同様の経済的実態を有する点を考慮すると、利益剰余金の額を増減させるべきでなく、処分差益と同じく処分差損についても、資本剰余金の額を減少することが適切であると考えられるためである。,自己株式処分差損を（利益剰余金ではなく）資本剰余金からの控除とする理由は何か？,4
21116,記述,純資産・包括利益,株主資本,自己株式処分差損を（資本準備金ではなく）その他資本剰余金からの控除とする理由,資本準備金からの[1]が[2]の[3]を受けるためである。,減額,会社法上,制約,資本準備金からの減額が会社法上の制約を受けるためである。,自己株式処分差損を（資本準備金ではなく）その他資本剰余金からの控除とする理由は何か？,4
21117,記述,純資産・包括利益,株主資本,自己株式に対する「資産説」,資産説とは、自己株式を取得したのみでは株式は失効しておらず、他の[1]と同様に[2]のある[3]と捉え、資産として扱う考え方をいう。,有価証券,換金性,会社財産,資産説とは、自己株式を取得したのみでは株式は失効しておらず、他の有価証券と同様に換金性のある会社財産と捉え、資産として扱う考え方をいう。,自己株式に対する「資産説」とは何か？,5
21118,記述,純資産・包括利益,株主資本,自己株式に対する「資本控除説」,資本控除説とは、自己株式の取得は株主との間の[1]であり、[2]に対する[3]の払い戻しの性格を有するものと捉え、資本の控除として扱う考え方をいう。,資本取引,会社所有者,会社財産,資本控除説とは、自己株式の取得は株主との間の資本取引であり、会社所有者に対する会社財産の払い戻しの性格を有するものと捉え、資本の控除として扱う考え方をいう。,自己株式に対する「資本控除説」とは何か？,5
21119,記述,純資産・包括利益,株主資本,自己株式を一括して株主資本全体の控除項目として表示する理由,[1]を[2]したのみでは[3]が減少するわけではなく、[2]後の処分もあり得る点に着目し、自己株式の保有は処分または消却までの暫定的な状態であると考えられるためである。,自己株主,取得,発行済株式総数,自己株主を取得したのみでは発行済株式総数が減少するわけではなく、取得後の処分もあり得る点に着目し、自己株式の保有は処分または消却までの暫定的な状態であると考えられるためである。,自己株式を一括して株主資本全体の控除項目として表示する理由は何か？,4
21120,記述,純資産・包括利益,株主資本,資本剰余金の区分内容（どのように区分するか）,[1]によれば、資本剰余金は[2]及びその他資本剰余金に区分される。,企業会計基準,資本準備金,,企業会計基準によれば、資本剰余金は資本準備金及びその他資本剰余金に区分される。,資本剰余金の区分内容（どのように区分するか）はどのようなものか？,4
21121,記述,純資産・包括利益,株主資本,利益剰余金の区分内容（どのように区分するか）,[1]によれば、利益剰余金は[2]及びその他利益剰余金に区分される。,企業会計基準,利益準備金,,企業会計基準によれば、利益剰余金は利益準備金及びその他利益剰余金に区分される。,利益剰余金の区分内容（どのように区分するか）はどのようなものか？,4
21301,記述,組織再編会計,事業分離基準,事業分離,事業分離とは、ある企業を[1]する事業を他の企業に[2]することをいう。,構成,移転,,事業分離とは、ある企業を構成する事業を他の企業に移転することをいう。,事業分離とは何か？,5
21302,記述,組織再編会計,事業分離基準,事業分離における基本的な考え方（移転損益の認識）,分離した事業に関する[1]が[2]しているとみるか清算されたとみるかによって、一般的な売却や交換に伴う損益認識と同様に、[3]において移転損益を認識されない場合と認識される場合がある。,投資,継続,分離元企業,分離した事業に関する投資が継続しているとみるか清算されたとみるかによって、一般的な売却や交換に伴う損益認識と同様に、分離元企業において移転損益を認識されない場合と認識される場合がある。,事業分離における基本的な考え方（移転損益の認識）はどのようなものか？,4
21401,記述,その他,ストックオプション基準,ストック・オプションが権利確定日以前に費用認識される根拠,[1]等に[2]されたストックオプションを[3]として、これと引き換えに企業に追加的にサービスが提供され、企業に帰属することとなったサービスを消費したと考えられるため、費用認識を行うべきである。,従業員,付与,対価,従業員等に付与されたストックオプションを対価として、これと引き換えに企業に追加的にサービスが提供され、企業に帰属することとなったサービスを消費したと考えられるため、費用認識を行うべきである。,ストック・オプションが権利確定日以前に費用認識される根拠は何か？,2
21402,記述,その他,ストックオプション基準,権利不行使による失効時に新株予約権戻入益として利益計上する論拠,ストックオプションが行使されないまま失効すれば、結果として[1]は[2]を[3]で引き渡す義務を免れることになり、無償で提供されたサービスを消費したと考えることができるためである。,会社,株式,時価未満,ストックオプションが行使されないまま失効すれば、結果として会社は株式を時価未満で引き渡す義務を免れることになり、無償で提供されたサービスを消費したと考えることができるためである。,権利不行使による失効時に新株予約権戻入益として利益計上する論拠は何か？,2
21501,記述,棚卸資産会計,棚卸資産基準,収益性が低下した棚卸資産の簿価切下げを行う理由,収益性が低下した場合における簿価切り下げは、[1]基準のもとで[2]を反映させるように、過大な[3]を減額し、将来に損失を繰り延べないために行われる会計処理である。,取得原価,回収可能性,帳簿価額,収益性が低下した場合における簿価切り下げは、取得原価基準のもとで回収可能性を反映させるように、過大な帳簿価額を減額し、将来に損失を繰り延べないために行われる会計処理である。,収益性が低下した棚卸資産の簿価切下げを行う理由は何か？,5
21502,記述,棚卸資産会計,棚卸資産基準,棚卸資産の評価において、正味売却価額との比較により収益性の低下を判断する理由,棚卸資産の場合には、[1]、[2]によってのみ[3]の回収を図る点に特徴があるためである。,通常,販売,資金,棚卸資産の場合には、通常、販売によってのみ資金の回収を図る点に特徴があるためである。,棚卸資産の評価において、正味売却価額との比較により収益性の低下を判断する理由は何か？,5
21503,記述,棚卸資産会計,棚卸資産基準,棚卸資産の評価における「時価」,時価とは、[1]な評[2]を言い、[3]に基づく[2]をいう。[3]が観察できない場合には合理的に算定された[2]を[1]な評[2]とする。,公正,価額,市場価格,時価とは、公正な評価額を言い、市場価格に基づく価額をいう。市場価格が観察できない場合には合理的に算定された価額を公正な評価額とする。,棚卸資産の評価における「時価」とは何か？,5
21504,記述,棚卸資産会計,棚卸資産基準,棚卸資産の評価における「再調達原価」,再調達原価とは、[1]の[2]に[3]に付随する費用を加算したものをいう。,購買市場,時価,購入,再調達原価とは、購買市場の時価に購入に付随する費用を加算したものをいう。,棚卸資産の評価における「再調達原価」とは何か？,5
21505,記述,棚卸資産会計,棚卸資産基準,トレーディング目的で保有する棚卸資産の評価及び評価差額の処理,トレーディング目的で保有する棚卸資産については、時価を持って[1]価額とし、[2]との差額は[3]として処理する,貸借対照表,帳簿価額,当期の損益,トレーディング目的で保有する棚卸資産については、時価を持って貸借対照表価額とし、帳簿価額との差額は当期の損益として処理する,トレーディング目的で保有する棚卸資産の評価及び評価差額の処理はどのように行うか？,5
21506,記述,棚卸資産会計,棚卸資産基準,トレーディング目的で保有する棚卸資産を時価評価する理由,トレーディング目的で保有する棚卸資産については投資者にとっての有用な情報は棚卸資産の[1]の[2]に求められると考えられることから、時価を持って[3]価額とする。,期末時点,市場価格,貸借対照表,トレーディング目的で保有する棚卸資産については投資者にとっての有用な情報は棚卸資産の期末時点の市場価格に求められると考えられることから、時価を持って貸借対照表価額とする。,トレーディング目的で保有する棚卸資産を時価評価する理由は何か？,5
21507,記述,棚卸資産会計,棚卸資産基準,トレーディング目的の棚卸資産の評価差額を当期の損益とする理由,トレーディング目的で保有する棚卸資産は、売買・換金に対して[1]等の制約がなく、[2]の変動に当たる評価差額が企業にとっての[3]の成果と考えられることから、その評価差額は当期の損益として処理する。,事業遂行上,市場価格,投資活動,トレーディング目的で保有する棚卸資産は、売買・換金に対して事業遂行上等の制約がなく、市場価格の変動に当たる評価差額が企業にとっての投資活動の成果と考えられることから、その評価差額は当期の損益として処理する。,トレーディング目的の棚卸資産の評価差額を当期の損益とする理由は何か？,5
21601,記述,概念フレームワーク,概念フレームワーク（財務報告の目的）,概念フレームワークにおける「純資産」の定義,純資産とは、資産と負債の[1]をいう。,差額,,,純資産とは、資産と負債の差額をいう。,概念フレームワークにおける「純資産」の定義は何か？,5
21602,記述,概念フレームワーク,概念フレームワーク（財務報告の目的）,概念フレームワークにおける「株主資本」の定義,株主資本とは[1]のうち[2]の[3]である株主に帰属する部分をいう。,純資産,報告主体,所有者,株主資本とは純資産のうち報告主体の所有者である株主に帰属する部分をいう。,概念フレームワークにおける「株主資本」の定義は何か？,5
21603,記述,概念フレームワーク,概念フレームワーク（財務報告の目的）,自己創設のれんが財務諸表の構成要素として計上されない理由,自己創設のれんの計上は、経営者による[1]の[2]・[3]を意味するものであり、投資家が自己の責任において投資を行うのに必要な情報を提供するという。財務報告の目的に反すると考えられるためである。,企業価値,自己評価,自己申告,自己創設のれんの計上は、経営者による企業価値の自己評価・自己申告を意味するものであり、投資家が自己の責任において投資を行うのに必要な情報を提供するという。財務報告の目的に反すると考えられるためである。,自己創設のれんが財務諸表の構成要素として計上されない理由は何か？,5
21604,記述,概念フレームワーク,概念フレームワーク（財務報告の目的）,繰延資産などが「資産の定義」に該当するか否かが問題となる場合があるが、そ,繰延資産は、収益と費用の[1]という考え方に基づいて[2]の一部を繰延べた物であるが、基本的には将来においてキャッシュを獲得しうる[3]があると考えられるため、資産に該当することになる。,対応,発生費用,可能性,"繰延資産は、収益と費用の対応という考え方に基づいて発生費用の一部を繰延べた物であるが、基本的には将来においてキャッシュを獲得しうる可能性があると考えられるため、資産に該当することになる。
",繰延資産などが「資産の定義」に該当するか否かが問題となる場合があるが、その理由は何か？,5
21605,記述,概念フレームワーク,概念フレームワーク（財務報告の目的）,「投資のリスクからの解放」とはどのような概念か？,リスクからの解放とは、投資に当たって解放された[1]が事実として[2]することをいう。,成果,確定,,リスクからの解放とは、投資に当たって解放された成果が事実として確定することをいう。,「投資のリスクからの解放」とはどのような概念か？,5
21606,記述,概念フレームワーク,概念フレームワーク（財務報告の目的）,事業投資の定義,事業投資は、[1]することに[2]の[3]があり、企業が事業の遂行を通じて成果を得ることを目的とした投資である。,売却,事業遂行上,制約,事業投資は、売却することに事業遂行上の制約があり、企業が事業の遂行を通じて成果を得ることを目的とした投資である。,事業投資の定義は何か？,5
21607,記述,概念フレームワーク,概念フレームワーク（財務報告の目的）,「金融投資」,金融投資は、[1]することに[2]の制約がなく、[3]の変動によって利益を獲得することを目的とした投資である。,売却,事業遂行上,公正価値,金融投資は、売却することに事業遂行上の制約がなく、公正価値の変動によって利益を獲得することを目的とした投資である。,「金融投資」とは何か？,5
21608,記述,概念フレームワーク,概念フレームワーク（財務報告の目的）,概念フレームワークにおける「純利益」の定義,純利益とは、[1]の期末までに生じた[2]の変動額のうち、その期間中にリスクから解放された投資の成果であって、[3]の所有者に帰属する部分を言う。,特定期間,純資産,報告主体,純利益とは、特定期間の期末までに生じた純資産の変動額のうち、その期間中にリスクから解放された投資の成果であって、報告主体の所有者に帰属する部分を言う。,概念フレームワークにおける「純利益」の定義は何か？,5
21609,記述,概念フレームワーク,概念フレームワーク（財務報告の目的）,概念フレームワークにおける「収益」の定義,収益とは、[1]を[2]させる項目であり、[3]の期末までに生じた資産の[2]や負債の減少に見合う額のうち、投資のリスクから解放された部分である。,純利益,増加,特定期間,収益とは、純利益を増加させる項目であり、特定期間の期末までに生じた資産の増加や負債の減少に見合う額のうち、投資のリスクから解放された部分である。,概念フレームワークにおける「収益」の定義は何か？,5
21610,記述,概念フレームワーク,概念フレームワーク（財務報告の目的）,概念フレームワークにおける「費用」の定義,費用とは、[1]を[2]される項目であ。、[3]の期末までに生じた資産の[2]や負債の増加に見合う額のうち、投資のリスクから解放された部分である。,純利益,減少,特定期間,費用とは、純利益を減少される項目であ。、特定期間の期末までに生じた資産の減少や負債の増加に見合う額のうち、投資のリスクから解放された部分である。,概念フレームワークにおける「費用」の定義は何か？,5
21611,記述,概念フレームワーク,概念フレームワーク（財務報告の目的）,財務報告の目的,財務報告はさまざまな役割を果たしているが、ここでは、その目的が、投資家による[1]の予測と[2]の評価に役立つような、企業の[3]の開示にあると考える。自己の責任で将来を予測し、投資の判断をする人々のために、企業の投資のポジション(ストック)とその成果(フロー)が開示されると見るのである。,企業成果,企業価値,財務状況,財務報告はさまざまな役割を果たしているが、ここでは、その目的が、投資家による企業成果の予測と企業価値の評価に役立つような、企業の財務状況の開示にあると考える。自己の責任で将来を予測し、投資の判断をする人々のために、企業の投資のポジション(ストック)とその成果(フロー)が開示されると見るのである。,財務報告の目的とは何か？,5
21612,記述,概念フレームワーク,概念フレームワーク（収益費用アプローチ・資産負債アプローチ）,概念フレームワークにおける「資産」の定義,資産とは、[1]の取引または事象の結果として、[2]が支配している[3]をいう。,過去,報告主体,経済的資源,資産とは、過去の取引または事象の結果として、報告主体が支配している経済的資源をいう。,概念フレームワークにおける「資産」の定義は何か？,5
21613,記述,概念フレームワーク,概念フレームワーク（収益費用アプローチ・資産負債アプローチ）,概念フレームワークにおける「負債」の定義,負債とは、過去の[1]は事象の結果として[2]が支配している[3]を放棄もしくは引き渡す義務、またはその同等物をいう。,取引又,報告主体,経済的資源,負債とは、過去の取引又は事象の結果として報告主体が支配している経済的資源を放棄もしくは引き渡す義務、またはその同等物をいう。,概念フレームワークにおける「負債」の定義は何か？,5
21614,記述,概念フレームワーク,概念フレームワーク（収益費用アプローチ・資産負債アプローチ）,割引現価主義,割引現価主義とは、[1]は負債から生じる各期間の将来キャッシュフローを一定の割引率で割り引いた[2]の総和をもって資産又は負債の評価額とする[3]である。,当該資産又,現在価値,会計思考,割引現価主義とは、当該資産又は負債から生じる各期間の将来キャッシュフローを一定の割引率で割り引いた現在価値の総和をもって資産又は負債の評価額とする会計思考である。,割引現価主義とは何か？,5
21615,記述,概念フレームワーク,概念フレームワーク（収益費用アプローチ・資産負債アプローチ）,割引現価主義（現在価値基準）が採用される論拠,資産を[1]、負債を[1]を放棄もしくは引き渡す義務またはその同等物とみる資産・[2]に立てば、[3]・負債から生じるであろうキャッシュフローを現在価値に割り引いた額を持って評価することで、資産・負債の本質と評価が会計理論的に一貫したものとなると考えられるためである。,経済的資源,負債概念,当該資産,資産を経済的資源、負債を経済的資源を放棄もしくは引き渡す義務またはその同等物とみる資産・負債概念に立てば、当該資産・負債から生じるであろうキャッシュフローを現在価値に割り引いた額を持って評価することで、資産・負債の本質と評価が会計理論的に一貫したものとなると考えられるためである。,割引現価主義（現在価値基準）が採用される論拠は何か？,5
21616,記述,概念フレームワーク,概念フレームワーク（収益費用アプローチ・資産負債アプローチ）,収益費用アプローチにおける会計の目的と会計の重点,収益費用アプローチとは、企業の[1]を明らかにするため、収益・費用を[2]する思考であり、企業の[3]を重点とするものである。,収益力,重視,損益計算,収益費用アプローチとは、企業の収益力を明らかにするため、収益・費用を重視する思考であり、企業の損益計算を重点とするものである。,収益費用アプローチにおける会計の目的と会計の重点は何か？,5
21617,記述,概念フレームワーク,概念フレームワーク（収益費用アプローチ・資産負債アプローチ）,資産負債アプローチにおける会計の目的と会計の重点,資産負債アプローチとは、企業の[1]を明らかにするため、資産・負債を[2]する思考であり、企業の[3]を計算の重点とするものである。,価値,重視,純資産計算,資産負債アプローチとは、企業の価値を明らかにするため、資産・負債を重視する思考であり、企業の純資産計算を計算の重点とするものである。,資産負債アプローチにおける会計の目的と会計の重点は何か？,5
21701,記述,リース会計,リース基準,ファイナンス・リース取引,ファイナンスリース取引とは、リース[1]に基づくリース期間の[2]において当該[1]を解除することができないリース取引またはこれに準ずるリース取引で、借り手がリース物件からもたらせる[3]を実質的に享受することができ、かつ、当該リース物件の使用に伴って生じるコストを実質的に負担することとなるリース取引をいう。,契約,中途,経済的利益,ファイナンスリース取引とは、リース契約に基づくリース期間の中途において当該契約を解除することができないリース取引またはこれに準ずるリース取引で、借り手がリース物件からもたらせる経済的利益を実質的に享受することができ、かつ、当該リース物件の使用に伴って生じるコストを実質的に負担することとなるリース取引をいう。,ファイナンス・リース取引とは何か？,5
21702,記述,リース会計,リース基準,ファイナンス・リース取引を売買取引に係る方法に準じて会計処理する理由,ファイナンスリース取引は、リース取引の借り手によるリース物件の[1]は借入資金によるリース物件の[2]と見ることができ、その[3]が売買取引と考えられるため、売買取引に係る方法に準じて会計処理を行う。,割賦購入又,購入取引,経済的実態,ファイナンスリース取引は、リース取引の借り手によるリース物件の割賦購入又は借入資金によるリース物件の購入取引と見ることができ、その経済的実態が売買取引と考えられるため、売買取引に係る方法に準じて会計処理を行う。,ファイナンス・リース取引を売買取引に係る方法に準じて会計処理する理由は何か？,5
21703,記述,リース会計,リース基準,リース資産の取得価額から利息相当額を控除する理由,リース[1]に含まれる利息相当額は、[2]により発生するものであるから、[3]として計上すべきであるためである。,料総額,財務活動,財務費用,リース料総額に含まれる利息相当額は、財務活動により発生するものであるから、財務費用として計上すべきであるためである。,リース資産の取得価額から利息相当額を控除する理由は何か？,5
21704,記述,リース会計,リース基準,オペレーティング・リース取引,オペレーティング・リース取引とは、ファイナンスリース[1]のリース取引をいう。,取引以外,,,オペレーティング・リース取引とは、ファイナンスリース取引以外のリース取引をいう。,オペレーティング・リース取引とは何か？,5
21705,記述,リース会計,リース基準,所有権移転ファイナンス・リース取引に係るリース資産の減価償却,[1]ファイナンスリース取引については、リース物件の取得とは異なり、リース物件を使用できる期間がリース期間に限定されるという特徴があるため原則として、リース資産の[2]はリース期間とし、[3]はゼロとしている。,所有権移転外,償却期間,残存価額,所有権移転外ファイナンスリース取引については、リース物件の取得とは異なり、リース物件を使用できる期間がリース期間に限定されるという特徴があるため原則として、リース資産の償却期間はリース期間とし、残存価額はゼロとしている。,所有権移転ファイナンス・リース取引に係るリース資産の減価償却はどのように行うか？,5
21801,記述,四半期財務諸表,四半期財務諸表基準,四半期財務諸表の特徴（年度財務諸表との違い）,四半期財務諸表は、[1]的な[2]によることが認められている。これは四半期財務諸表が年度の財務諸表よりも開示の[3]が求められているためである。,簡便,会計処理,迅速性,四半期財務諸表は、簡便的な会計処理によることが認められている。これは四半期財務諸表が年度の財務諸表よりも開示の迅速性が求められているためである。,四半期財務諸表の特徴（年度財務諸表との違い）は何か？,1
21802,記述,四半期財務諸表,四半期財務諸表基準,四半期財務諸表における「実績主義」,四半期会計期間を年度と並ぶ一会計期間とみた上で、四半期財務諸表を、原則として年度の財務諸表と同じ[1]を適用して作成することにより、当該四半期会計期間に係る企業集団又は企業の[2]、[3]及びキャッシュフローの状況に関する情報を提供するという考え方である。,会計方針,財政状態,経営成績,四半期会計期間を年度と並ぶ一会計期間とみた上で、四半期財務諸表を、原則として年度の財務諸表と同じ会計方針を適用して作成することにより、当該四半期会計期間に係る企業集団又は企業の財政状態、経営成績及びキャッシュフローの状況に関する情報を提供するという考え方である。,四半期財務諸表における「実績主義」とは何か？,2
21803,記述,四半期財務諸表,四半期財務諸表基準,四半期財務諸表における「予測主義」,[1]を年度の[2]と位置付けて、四半期財務諸表を、年度の財務諸表と部分的に異なる会計方針を適用して作成することにより、当該[1]を含む年度の業績予測に資する情報を提供するという考え方である。,四半期会計期間,一構成部分,当該四半期会計,四半期会計期間を年度の一構成部分と位置付けて、四半期財務諸表を、年度の財務諸表と部分的に異なる会計方針を適用して作成することにより、当該四半期会計期間を含む年度の業績予測に資する情報を提供するという考え方である。,四半期財務諸表における「予測主義」とは何か？,2
21901,記述,資産除去債務,資産除去債務基準,資産除去債務について「資産負債の両建て処理」を採用する理由,資産負債の両建て処理とは、資産除去債務の全額を負債として計上するとともに、これに対応する除去費用を[1]の[2]に含めることで、当該除去費用が当該[1]の使用に応じて各期間に費用配分されるため、資産負債の両建て処理は引当金処理を包摂するものといえる。,有形固定資産,取得原価,当該有形固定資,資産負債の両建て処理とは、資産除去債務の全額を負債として計上するとともに、これに対応する除去費用を有形固定資産の取得原価に含めることで、当該除去費用が当該有形固定資産の使用に応じて各期間に費用配分されるため、資産負債の両建て処理は引当金処理を包摂するものといえる。,資産除去債務について「資産負債の両建て処理」を採用する理由は何か？,5
21902,記述,資産除去債務,資産除去債務基準,資産除去債務に対応する除去費用の資産計上と費用配分,[1]の取得に付随して生じる除去費用を[2]の[3]に含めることは、[2]への投資について回収すべき額を引き上げることを意味する。すなわち、[1]の除去時に不可避的に生じる支出額を付随費用と同様に[3]に加えた上で費用配分を行い、さらに資産効率の観点からも有用と考えられる情報を提供するものである。,有形固定資産,当該資産,取得原価,有形固定資産の取得に付随して生じる除去費用を当該資産の取得原価に含めることは、当該資産への投資について回収すべき額を引き上げることを意味する。すなわち、有形固定資産の除去時に不可避的に生じる支出額を付随費用と同様に取得原価に加えた上で費用配分を行い、さらに資産効率の観点からも有用と考えられる情報を提供するものである。,資産除去債務に対応する除去費用の資産計上と費用配分はどのように行うか？,5
21903,記述,資産除去債務,資産除去債務基準,資産除去債務に対応する除去費用を「別の資産」として独立して計上しない理由,"資産除去債務に対応する除去費用は、以下の理由から、資産除去債務に関連する有形固定資産とは区別して把握し、別の資産として計上する方法は採用していない。
1[1]の権利ではなく[2]もないこと
2独立して[3]に貢献するものではないこと",法律上,財産的価値,収益獲得,"資産除去債務に対応する除去費用は、以下の理由から、資産除去債務に関連する有形固定資産とは区別して把握し、別の資産として計上する方法は採用していない。
1法律上の権利ではなく財産的価値もないこと
2独立して収益獲得に貢献するものではないこと",資産除去債務に対応する除去費用を「別の資産」として独立して計上しない理由は何か？,5
21904,記述,資産除去債務,資産除去債務基準,資産除去債務の「資産負債の両建て処理」,資産負債の両建て処理とは、資産除去債務の[1]を負債として計上し、同額を[2]の[3]に反映させる会計処理である。,全額,有形固定資産,取得原価,資産負債の両建て処理とは、資産除去債務の全額を負債として計上し、同額を有形固定資産の取得原価に反映させる会計処理である。,資産除去債務の「資産負債の両建て処理」とは何か？,5
21905,記述,資産除去債務,資産除去債務基準,資産除去債務の「引当金処理」,引当金処理とは、[1]の除去にかかる用役の費消を、当該[1]の使用に応じて各期間に[3]し、それに対応する金額を負債として認識する会計処理である。,有形固定資産,当該有形固定資,費用配分,引当金処理とは、有形固定資産の除去にかかる用役の費消を、当該有形固定資産の使用に応じて各期間に費用配分し、それに対応する金額を負債として認識する会計処理である。,資産除去債務の「引当金処理」とは何か？,5
21906,記述,資産除去債務,資産除去債務基準,資産除去債務,資産除去債務とは、[1]の取得、建設、[2]は通常の使用によって生じ、当該[1]の除去に関して法令又は契約で要求される法律上の義務及びそれに準ずるものをいう。,有形固定資産,開発又,当該有形固定資,資産除去債務とは、有形固定資産の取得、建設、開発又は通常の使用によって生じ、当該有形固定資産の除去に関して法令又は契約で要求される法律上の義務及びそれに準ずるものをいう。,資産除去債務とは何か？,5
22001,記述,会計上の変更等,会計上の変更等基準,会計方針の変更時に遡及適用が求められる根拠・理由,会計方針の変更を行なった場合に過去の[1]に対して新しい会計方針を遡及適用することにより、[1]全般についての[2]が高まるものと考えられ、また、情報の[3]が高まることが期待されるためである。,財務諸表,比較可能性,有用性,会計方針の変更を行なった場合に過去の財務諸表に対して新しい会計方針を遡及適用することにより、財務諸表全般についての比較可能性が高まるものと考えられ、また、情報の有用性が高まることが期待されるためである。,会計方針の変更時に遡及適用が求められる根拠・理由は何か？,5
22002,記述,会計上の変更等,会計上の変更等基準,表示方法の変更時に財務諸表の組替えを行う根拠・理由,表示方法の変更を行った場合に[1]の財務諸表の組み替えを行うことにより、財務諸表全般についての[2]が高まるものと考えられ、また、情報の[3]が高まることが期待されるためである。,過去,比較可能性,有用性,表示方法の変更を行った場合に過去の財務諸表の組み替えを行うことにより、財務諸表全般についての比較可能性が高まるものと考えられ、また、情報の有用性が高まることが期待されるためである。,表示方法の変更時に財務諸表の組替えを行う根拠・理由は何か？,5
22003,記述,会計上の変更等,会計上の変更等基準,会計方針の変更の分類,"会計方針は、[1]な理由により変更を行う場合を除き、[2]して適用する。
[1]な理由により変更を行う場合は、次のいずれかに分類される。
1[3]等の改正に伴う会計方針の変更
2 [3]等の改正に伴う会計方針の変更以外の[1]な理由による会計方針の変更",正当,毎期継続,会計基準,"会計方針は、正当な理由により変更を行う場合を除き、毎期継続して適用する。
正当な理由により変更を行う場合は、次のいずれかに分類される。
1会計基準等の改正に伴う会計方針の変更
2 会計基準等の改正に伴う会計方針の変更以外の正当な理由による会計方針の変更",会計方針の変更の分類はどのようなものか？,5
22004,記述,会計上の変更等,会計上の変更等基準,会計上の見積もりの変更の影響を過去に遡及せず、将来に向けてのみ認識する根拠,会計上の見積の変更は、新しい情報によってもたらされるものであるとの認識から過去に遡って処理せず、その影響は将来に向けて認識するという考え方がとられているためである。,,,,会計上の見積の変更は、新しい情報によってもたらされるものであるとの認識から過去に遡って処理せず、その影響は将来に向けて認識するという考え方がとられているためである。,会計上の見積もりの変更の影響を過去に遡及せず、将来に向けてのみ認識する根拠は何か？,5
22005,記述,会計上の変更等,会計上の変更等基準,過去の誤謬について修正再表示を行う根拠・理由,誤謬を修正再表示する考え方を[1]することは、[2]が[3]な情報を開示するという観点からも有用なためである。,導入,期間比較,可能,誤謬を修正再表示する考え方を導入することは、期間比較が可能な情報を開示するという観点からも有用なためである。,過去の誤謬について修正再表示を行う根拠・理由は何か？,5
22006,記述,会計上の変更等,会計上の変更等基準,「会計方針の変更」,"会計方針とは、[1]の作成にあたって採用した[2]の原則及び手続をいう。
また、会計方針の変更とは、従来採用していた一般に[3]と認められた会計方針から他の一般に[3]と認められた会計方針に変更することをいう。",財務諸表,会計処理,公正妥当,"会計方針とは、財務諸表の作成にあたって採用した会計処理の原則及び手続をいう。
また、会計方針の変更とは、従来採用していた一般に公正妥当と認められた会計方針から他の一般に公正妥当と認められた会計方針に変更することをいう。",「会計方針の変更」とは何か？,5
22007,記述,会計上の変更等,会計上の変更等基準,「表示方法の変更」,表示方法とは、[1]の作成にあたって採用した表示方法をいい、[1]の科目の分類、科目配列及び[2]が含まれる。また表示方法の変更とは従来採用していた一般に[3]と認められた表示方法から他の一般に[3]と認められた表示方法に変更することをいう。,財務諸表,報告様式,公正妥当,表示方法とは、財務諸表の作成にあたって採用した表示方法をいい、財務諸表の科目の分類、科目配列及び報告様式が含まれる。また表示方法の変更とは従来採用していた一般に公正妥当と認められた表示方法から他の一般に公正妥当と認められた表示方法に変更することをいう。,「表示方法の変更」とは何か？,5
22008,記述,会計上の変更等,会計上の変更等基準,「会計上の見積もりの変更」,会計上の見積もりとは、資産及び負債や収益及び費用等の額に[1]がある場合において、[2]に[3]な情報に基づいて、その合理的な金額を算出することをいう。また、会計上の見積変更とは、新たに[3]となった情報に基づいて、過去に財務諸表を作成する際に行った会計上の見積もりを変更することをいう。,不確実性,財務諸表作成時,入手可能,会計上の見積もりとは、資産及び負債や収益及び費用等の額に不確実性がある場合において、財務諸表作成時に入手可能な情報に基づいて、その合理的な金額を算出することをいう。また、会計上の見積変更とは、新たに入手可能となった情報に基づいて、過去に財務諸表を作成する際に行った会計上の見積もりを変更することをいう。,「会計上の見積もりの変更」とは何か？,5
22009,記述,会計上の変更等,会計上の変更等基準,「過去の誤謬」,"誤謬とは、原因となる行為が意図的であるか否かにかかわらず、[1]に入手可能な情報を使用しなかったことによる、又は誤用したことによる、次のような誤りを言う。
1財務諸表の基礎となるデータの収集又は処理上の誤り
2事実の見落としや誤解から生じる会計上の見積もりの誤り
3[2]の適用の誤り又は[3]の誤り",財務諸表作成時,会計方針,表示方法,"誤謬とは、原因となる行為が意図的であるか否かにかかわらず、財務諸表作成時に入手可能な情報を使用しなかったことによる、又は誤用したことによる、次のような誤りを言う。
1財務諸表の基礎となるデータの収集又は処理上の誤り
2事実の見落としや誤解から生じる会計上の見積もりの誤り
3会計方針の適用の誤り又は表示方法の誤り",「過去の誤謬」とは何か？,5
22101,記述,純資産・包括利益,包括利益表示基準,包括利益,包括利益とは、ある企業の[1]の[2]において認識されて純資産の変動額のうち、当該企業の純資産に対する[3]との直接的な取引によらない部分を言う。,特定期間,財務諸表,持分所有者,包括利益とは、ある企業の特定期間の財務諸表において認識されて純資産の変動額のうち、当該企業の純資産に対する持分所有者との直接的な取引によらない部分を言う。,包括利益とは何か？,5
22102,記述,純資産・包括利益,包括利益表示基準,その他の包括利益,その他の包括利益とは、包括利益のうち[1]に含まれない[2]をいう。,当期純利益,部分,,その他の包括利益とは、包括利益のうち当期純利益に含まれない部分をいう。,その他の包括利益とは何か？,5
22103,記述,純資産・包括利益,包括利益表示基準,包括利益を表示する目的,包括利益を表示する目的は、[1]に認識された取引及び[2]により生じた[3]の変動を報告することにある。,期中,経済的事象,純資産,包括利益を表示する目的は、期中に認識された取引及び経済的事象により生じた純資産の変動を報告することにある。,包括利益を表示する目的は何か？,4
22201,記述,収益認識,収益認識に関する会計基準,収益認識基準が導入された背景・理由,我が国において収益認識に関する包括的な会計基準が開発されていなかったこと、及び国際的な会計基準（IFRS第15号）との[1]を図り、[2]の[3]を向上させるためである。,コンバージェンス,財務諸表間,比較可能性,我が国において収益認識に関する包括的な会計基準が開発されていなかったこと、及び国際的な会計基準（IFRS第15号）とのコンバージェンスを図り、財務諸表間の比較可能性を向上させるためである。,収益認識基準が導入された背景・理由は何か？,5
22202,記述,収益認識,収益認識に関する会計基準,収益認識に関する会計基準における「収益認識の5ステップ」,1.[1]との契約を識別する、2.契約における[2]を識別する、3.[3]を算定する、4.契約における[2]に[3]を配分する、5.[2]を充足した時に又は充足するにつれて収益を認識する。,顧客,履行義務,取引価格,1.顧客との契約を識別する、2.契約における履行義務を識別する、3.取引価格を算定する、4.契約における履行義務に取引価格を配分する、5.履行義務を充足した時に又は充足するにつれて収益を認識する。,収益認識に関する会計基準における「収益認識の5ステップ」とは何か？,5
22203,記述,収益認識,収益認識に関する会計基準,収益認識に関する会計基準における「収益認識の基本となる原則」,[1]した[2]はサービスの[3]への移転を、当該[2]はサービスと交換に企業が権利を得ると見込む対価の額で描写するように、収益を認識することである。,約束,財又,顧客,約束した財又はサービスの顧客への移転を、当該財又はサービスと交換に企業が権利を得ると見込む対価の額で描写するように、収益を認識することである。,収益認識に関する会計基準における「収益認識の基本となる原則」とは何か？,5
22204,記述,収益認識,収益認識に関する会計基準,「履行義務」,[1]との[2]において、[1]に財又はサービスを移転する[3]の約束をいう。,顧客,契約,企業側,顧客との契約において、顧客に財又はサービスを移転する企業側の約束をいう。,「履行義務」とは何か？,5
22301,記述,時価算定,時価の算定に関する会計基準,時価の算定に関する会計基準における「時価」の定義,算定日において[1]間で秩序ある取引が行われると仮定した場合の、[2]において資産の売却によって受け取る[3]は負債の移転のために支払う価格をいう。,市場参加者,当該取引,価格又,算定日において市場参加者間で秩序ある取引が行われると仮定した場合の、当該取引において資産の売却によって受け取る価格又は負債の移転のために支払う価格をいう。,時価の算定に関する会計基準における「時価」の定義は何か？,5
22302,記述,時価算定,時価の算定に関する会計基準,時価の算定に関する会計基準が設定された理由,国際的な会計基準（IFRS第13号）との[1]を図り、時価の算定方法を統一して[2]の[3]を向上させるためである。,コンバージェンス,財務諸表,比較可能性,国際的な会計基準（IFRS第13号）とのコンバージェンスを図り、時価の算定方法を統一して財務諸表の比較可能性を向上させるためである。,時価の算定に関する会計基準が設定された理由は何か？,5
22401,記述,リース会計,リースに関する会計基準（新基準）,新リース基準（第34号）において、借手のすべてのリースが資産・負債に計上（オンバランス化）される理由,リース取引により生じる資産の使用権とそれに対する[1]を財務諸表に計上することで、企業の[2]及び将来のキャッシュ・フロー予測に資するより有用な情報を提供し、また国際的な会計基準（IFRS第16号）との[3]を確保するためである。,支払義務,財政状態,比較可能性,リース取引により生じる資産の使用権とそれに対する支払義務を財務諸表に計上することで、企業の財政状態及び将来のキャッシュ・フロー予測に資するより有用な情報を提供し、また国際的な会計基準（IFRS第16号）との比較可能性を確保するためである。,新リース基準（第34号）において、借手のすべてのリースが資産・負債に計上（オンバランス化）される理由は何か？,5
22402,記述,リース会計,リースに関する会計基準（新基準）,新リース基準における「使用権資産」,[1]がリース期間にわたり[2]を使用する[3]をいう。,借手,原資産,権利,借手がリース期間にわたり原資産を使用する権利をいう。,新リース基準における「使用権資産」とは何か？,5
22403,記述,リース会計,リースに関する会計基準（新基準）,新リース基準において、借手のオペレーティング・リース取引の会計処理はどのように変更されたか？,従来の[1]（オフバランス）から、原則としてすべてのリースについて[2]及びリース負債を計上する処理（[3]）に変更された。,賃貸借処理,使用権資産,オンバランス,従来の賃貸借処理（オフバランス）から、原則としてすべてのリースについて使用権資産及びリース負債を計上する処理（オンバランス）に変更された。,新リース基準において、借手のオペレーティング・リース取引の会計処理はどのように変更されたか？,5